Rank,Name,Age,Team,MP,Tot_Stats,OR%,DR%,TR%,ST%,BLK%,AST%,USG%,TO%,TS%,gBPM,BPM,VORP,L of Im,Q of Im,WinC,Value,Pos
1,Giannis Antetokounmpo,25,MIL,1917,106.0992921,7.7,34.8,22.1,1.5,3,34.2,37.5,0.132,0.613,16.6,11.9,6.7,10.2,10.9,111.7,108.9,PF
2,James Harden,30,HOU,2483,111.365567,3.1,16.3,9.7,2.5,2.1,35.9,36.3,0.142,0.626,16.4,10.5,7.8,6.6,7.6,50.3,80.8,SG
3,Rudy Gobert,27,UTA,2333,87.21877024,10.6,30.6,20.8,1,5.1,6.5,16.2,0.15,0.699,9,1.9,2.3,6.7,9.2,61.2,74.2,C
4,Khris Middleton,28,MIL,1853,62.41357069,2.5,17,10.2,1.3,0.3,22.2,26.4,0.116,0.619,8.3,3.6,2.6,9.9,8.6,85.4,73.9,SF
5,Nikola Jokić,24,DEN,2336,97.63927036,8.1,26.7,17.4,1.8,1.8,35.2,26.6,0.158,0.605,14,8.5,6.2,5.5,7,38.2,67.9,C
6,Bam Adebayo,22,MIA,2417,90.33558116,8.3,24.2,16.6,1.7,3.5,24.2,21.2,0.176,0.598,10.5,4.5,3.9,5.7,7,39.9,65.1,PF
7,Damian Lillard,29,POR,2474,93.77384512,1.5,11.1,6.3,1.4,0.8,34.4,30.3,0.11,0.627,12.3,6.9,5.6,4.7,6.4,29.8,61.8,PG
8,LeBron James,35,LAL,2316,103.9701942,2.9,21.5,11.9,1.6,1.4,49.1,31.5,0.151,0.577,13.8,7.6,5.6,3.2,5.9,18.7,61.3,PG
9,Luka Dončić,20,DAL,2047,93.57580179,4.4,26,15.5,1.7,0.7,45.7,36.8,0.148,0.585,16.5,13.1,7.8,5.4,4.8,25.8,59.7,PG
10,Brook Lopez,31,MIL,1817,54.59135209,3.4,13,8.5,1.2,7.9,7.4,18.3,0.087,0.551,7.9,3.2,2.4,9.7,6.7,64.8,59.7,C
11,Anthony Davis,26,LAL,2131,94.83227732,6.8,22.1,14.2,2.1,5.9,15.1,29.3,0.104,0.61,11.7,5.5,4,2.9,8.2,23.9,59.4,PF
12,Hassan Whiteside,30,POR,2008,88.92013876,14.1,35.2,24.7,0.6,8.6,5.9,19.6,0.129,0.644,9,3.6,2.8,3.8,7,26.3,57.6,C
13,Jimmy Butler,30,MIA,1959,74.47875834,6.2,15,10.8,2.6,1.5,28.1,25.1,0.114,0.585,11,5,3.4,4.6,8.2,37.9,56.2,SF
14,Eric Bledsoe,30,MIL,1646,52.9579429,2.8,13.5,8.5,1.6,1.4,28.7,23.7,0.157,0.571,6.6,1.9,1.6,8.8,6.4,56.6,54.8,PG
15,Jayson Tatum,21,BOS,2265,75.53824597,3.2,19,11.3,2.2,2.7,14.5,28.6,0.102,0.567,8.5,4.7,3.8,6.8,4.6,31.4,53.5,PF
16,Chris Paul,34,OKC,2208,77.01506449,1.3,16.2,8.9,2.5,0.5,34,23.3,0.138,0.61,10.3,3.8,3.2,4.3,6.9,29.4,53.2,PG
17,George Hill,33,MIL,1271,34.49575264,4.1,9.3,6.9,1.7,0.3,19,15.5,0.119,0.659,7.5,2.8,1.5,6.8,9.9,67,50.7,PG
18,Kawhi Leonard,28,LAC,1848,78.28816966,3.1,19.1,11.2,2.7,1.6,26.4,33,0.102,0.589,11.8,7.4,4.4,3.1,6.8,20.9,49.6,SF
19,Domantas Sabonis,23,IND,2159,77.14546892,10.2,29.9,20.3,1.1,1.2,21.7,23.3,0.148,0.586,9.8,4.2,3.4,4.4,4.8,21.2,49.2,C
20,Devin Booker,23,PHO,2512,76.63918681,1.2,11.5,6.3,0.9,0.6,30,30,0.149,0.618,7.4,1.5,2.2,5.1,3.5,18.1,47.4,SG
21,Ben Simmons,23,PHI,2017,73.97841649,5.9,17.9,11.9,2.9,1.5,33.8,20.9,0.204,0.602,10.8,3.7,2.9,4,4.8,19,46.5,PG
22,DeMar DeRozan,30,SAS,2316,74.10652985,2,14.9,8.5,1.4,0.7,26.1,26.3,0.116,0.603,7.3,0.4,1.4,4.4,4,17.4,45.8,SF
23,Jarrett Allen,21,BRK,1852,65.66439603,13.7,25.6,20,1.2,4.6,8.9,14.9,0.117,0.664,10.7,6.4,3.9,2.5,10,24.6,45.1,C
24,Donte DiVincenzo,23,MIL,1520,42.56825818,4.6,15.5,10.3,2.6,1.2,13.6,17.3,0.141,0.557,7,2.3,1.7,8.1,5.8,47,44.8,SG
25,Jonas Valančiūnas,27,MEM,1845,72.28279081,12.8,33.5,23.3,0.8,3.5,10.9,21.5,0.133,0.631,8.5,3.5,2.6,2.8,5.4,15.3,43.8,C
26,Shai Gilgeous-Alexander,21,OKC,2428,69.00535295,2.2,16.6,9.5,1.6,1.8,15.2,23.7,0.103,0.568,6.6,0.1,1.3,4.7,3.8,17.7,43.4,SG
27,Kyle Lowry,33,TOR,2098,64.81843878,1.7,13,7.4,1.8,1,30.6,23.1,0.157,0.59,9.1,1.2,1.7,4,5.4,21.7,43.3,PG
28,Daniel Theis,27,BOS,1566,45.87941297,10.2,19.8,15.1,1.3,5.7,10.1,14.4,0.102,0.631,10.6,6.8,3.5,4.7,8.4,39.8,42.8,C
29,Tobias Harris,27,PHI,2469,69.18154885,3,18.9,10.8,1.1,1.5,14.6,23.9,0.076,0.556,6.6,-0.5,0.9,4.9,3.1,15,42.1,PF
30,Nikola Vučević,29,ORL,1998,75.50726585,7.5,28.7,18.1,1.3,2,19.5,25.8,0.074,0.549,10.7,3.2,2.6,2.2,3.9,8.7,42.1,C
31,Trae Young,21,ATL,2120,81.17255632,1.7,11.6,6.7,1.6,0.4,45.6,34.9,0.162,0.595,12.3,7.1,4.8,1.5,2,3.1,42.1,PG
32,Bradley Beal,26,WAS,2053,71.22078432,2.6,10.2,6.3,1.6,0.9,29.5,34.4,0.114,0.579,9.7,2.5,2.3,4.5,2.2,9.7,40.5,SG
33,Steven Adams,26,OKC,1680,58.78317237,14,24.8,19.4,1.5,3.8,13.2,17.3,0.142,0.604,9.9,3.4,2.3,3.2,6.7,21.8,40.3,C
34,Russell Westbrook,31,HOU,2049,74.3756785,5.3,18.4,11.9,2.2,0.8,35.6,34.4,0.15,0.536,9.7,3.8,3,5.4,1.1,5.9,40.1,PG
35,Kristaps Porziņģis,24,DAL,1814,65.32827926,6.3,26.1,16.5,1.3,6.2,8.8,27,0.08,0.551,7.7,4.3,2.9,4.8,2.9,14,39.7,PF
36,Joel Embiid,25,PHI,1506,65.14606368,9.9,32.8,21.2,1.5,3.9,16.9,32.9,0.138,0.59,9.5,2.4,1.7,3,4.2,12.5,38.8,C
37,Ricky Rubio,29,PHO,2016,65.92120752,2.4,13.8,8,2.2,0.5,39.7,20.4,0.179,0.535,6.6,0.7,1.4,4.1,2.7,11.1,38.5,PG
38,Montrezl Harrell,26,LAC,1749,59.41417325,9.8,16.4,13.1,1.1,3.6,10.3,25.7,0.101,0.607,6.8,2.4,1.9,2.9,6,17.3,38.4,C
39,Pascal Siakam,25,TOR,2110,64.83445563,3.3,18.7,11.1,1.4,2.1,16.4,28.1,0.107,0.554,6.8,-1.1,0.5,4.1,2.9,11.9,38.4,PF
40,Kemba Walker,29,BOS,1742,53.63555479,2.3,11.3,6.9,1.5,1.7,24.2,27.2,0.105,0.575,8.8,5,3.1,5.2,4.4,23.1,38.4,PG
41,Gordon Hayward,29,BOS,1740,50.58005656,3.6,18.3,11.1,1.2,1.3,18.7,21.1,0.112,0.595,8.2,4.4,2.8,5.2,4.9,25.8,38.2,SF
42,Donovan Mitchell,23,UTA,2364,64.99404518,2.4,11.1,6.8,1.4,0.5,21.6,30.8,0.11,0.558,5.6,-1.5,0.3,6.7,1.7,11.3,38.1,SG
43,Andre Drummond,26,DET,1654,72.09296259,13.7,36.6,24.7,2.6,4.4,14,25.5,0.18,0.55,9.2,1.7,1.5,1.5,2,3,37.5,C
44,Al Horford,33,PHI,2025,59.88178662,5.4,19.1,12.1,1.3,2.7,19.2,17.5,0.097,0.536,8.7,1.6,1.8,4,3.4,13.5,36.7,C
45,Brandon Ingram,22,NOP,2104,65.62470173,2.7,16.6,9.7,1.4,1.6,19.3,28.1,0.131,0.587,7.6,2.2,2.2,3.7,1.9,7.2,36.4,PF
46,T.J. Warren,26,IND,2202,54.33812875,3.6,10.7,7.2,1.8,1.3,7.1,23.3,0.072,0.61,6.4,0.8,1.6,4.5,3.8,17.1,35.7,SF
47,Fred VanVleet,25,TOR,1928,56.15789667,1,10.1,5.6,2.4,0.7,27.7,21.7,0.123,0.553,7.7,-0.2,0.9,3.7,4.1,15.1,35.6,PG
48,Jrue Holiday,29,NOP,2117,68.10298129,4,10.8,7.5,2.3,2.1,29.1,24.5,0.145,0.537,8.6,3.2,2.8,3.8,0.6,2.4,35.3,SG
49,Pat Connaughton,27,MIL,1243,30.02759322,5.1,16.8,11.3,0.9,2.2,10.9,12.3,0.14,0.565,5.6,0.9,0.9,6.6,6,40.1,35.1,SG
50,Danilo Gallinari,31,OKC,1834,50.58059267,2.1,17.4,9.8,1.1,0.3,10.3,24.6,0.074,0.612,6.5,0,0.9,3.5,5.2,18.6,34.6,PF
51,Jaylen Brown,23,BOS,1934,50.10196217,3.6,17,10.5,1.8,1.1,9.7,24.7,0.112,0.583,6.2,2.4,2.1,5.8,3.2,18.6,34.4,SF
52,Duncan Robinson,25,MIA,2166,40.10666066,0.5,10.7,5.8,0.8,0.8,7.1,16,0.089,0.684,7.2,1.2,1.7,5.1,5.5,28.1,34.1,SF
53,Marcus Smart,25,BOS,1919,49.34204252,2.5,10.4,6.5,2.9,1.6,21.1,18.9,0.121,0.518,8.2,4.4,3.1,5.8,3.2,18.7,34,SG
54,Clint Capela,25,HOU,1279,48.25102951,14.4,31,22.8,1.3,4.8,5.7,16.1,0.127,0.626,8.4,2.5,1.5,3.4,5.8,19.5,33.9,C
55,Ivica Zubac,22,LAC,1326,47.17426111,15.6,26.5,21.1,0.6,4.3,9.1,16.4,0.118,0.651,8.4,4,2,2.2,9.2,20.2,33.7,C
56,OG Anunoby,22,TOR,2066,48.6226561,4.2,14.4,9.4,2.2,1.8,7.5,14.3,0.115,0.6,7.7,-0.2,0.9,4,4.6,18.5,33.6,SF
57,Mitchell Robinson,21,NYK,1412,51.12671644,13.2,18.1,15.6,1.7,6.9,3.9,13.3,0.083,0.726,12,2.9,1.7,1.6,10.1,15.6,33.4,C
58,Ersan İlyasova,32,MIL,986,26.95436939,6.6,22.7,15.1,1.1,1.5,6.6,16.1,0.088,0.589,4.6,-0.1,0.5,5.3,7.5,39.6,33.3,PF
59,CJ McCollum,28,POR,2556,65.66371393,2,10.7,6.4,1,1.4,19.1,25.9,0.081,0.541,6.1,0.7,1.7,4.8,0.2,1,33.3,SG
60,Ja Morant,20,MEM,2074,64.17227897,2.7,10.8,6.8,1.4,0.7,35.2,25.9,0.17,0.556,5.8,0.8,1.5,3.2,0.8,2.4,33.3,PG
61,Spencer Dinwiddie,26,BRK,1994,58.23001308,1.9,9.9,6.1,1.1,1,35,29.2,0.125,0.541,7.4,3.1,2.6,2.6,3.1,8.1,33.2,SG
62,LaMarcus Aldridge,34,SAS,1754,56.08560777,6.2,17.1,11.7,1,4,11.4,23.4,0.078,0.571,7.5,0.6,1.1,3.3,2.8,9.5,32.8,C
63,Zach LaVine,24,CHI,2085,64.33609462,2.2,13.9,7.9,2.1,1.1,21.7,31.7,0.133,0.568,8.5,0,1.1,1.5,0.6,0.9,32.6,SG
64,Will Barton,29,DEN,1916,51.86033445,4.5,17.2,10.9,1.6,1.4,16,20.1,0.099,0.549,7.8,2.3,2.1,4.5,2.9,13.1,32.5,SF
65,Joe Ingles,32,UTA,2137,49.82373888,1.4,12.2,6.9,1.4,0.4,24.4,15.1,0.193,0.595,5.7,-1.4,0.3,6.1,2.4,14.9,32.4,SF
66,Jamal Murray,22,DEN,1904,53.69400779,2.7,11.5,7.1,1.8,0.8,22.9,25.2,0.115,0.559,7.1,1.6,1.7,4.5,2.4,10.6,32.1,PG
67,Dorian Finney-Smith,26,DAL,2120,42.62285714,7.8,13.2,10.6,1.2,1.8,7.2,12.9,0.108,0.595,7.8,4.4,3.4,5.6,3.8,21.3,32,PF
68,Mikal Bridges,23,PHO,2042,46.62446749,3.4,11.9,7.6,2.4,1.9,8.6,12.7,0.12,0.62,8,2.1,2.1,4.2,4,16.9,31.8,SF
69,Maxi Kleber,28,DAL,1890,43.77964334,6.8,15.7,11.4,0.7,4.3,6.3,13.9,0.095,0.605,7.8,4.4,3,5,4,19.8,31.8,C
70,Wesley Matthews,33,MIL,1635,24.0879646,1.4,8.2,5,1.1,0.5,7.1,12.5,0.087,0.547,4.1,-0.6,0.6,8.7,4.4,38,31,SG
71,Julius Randle,25,NYK,2080,62.48916105,7.3,23.9,15.4,1.1,0.9,15.8,27.6,0.143,0.538,6.3,-2.8,-0.4,2.3,-0.4,-0.8,30.8,PF
72,Delon Wright,27,DAL,1570,45.44553846,5.1,14.4,9.9,3,1.4,21,14.4,0.138,0.554,8.3,4.9,2.7,4.2,3.8,15.8,30.6,SG
73,DeAndre Jordan,31,BRK,1234,46.80173019,13.4,35.5,25.1,0.8,3.9,12.6,14.1,0.178,0.682,9.9,5.6,2.4,1.6,8.6,14.1,30.5,C
74,Nemanja Bjelica,31,SAC,2011,53.8214213,6,19.3,12.5,1.5,1.7,14.7,17,0.125,0.602,8.8,1.6,1.8,1.8,3.8,6.7,30.3,PF
75,Myles Turner,23,IND,1826,52.14107197,5.5,19.5,12.7,1.3,6.1,5.4,17.9,0.114,0.566,7.4,1.8,1.8,3.7,2.3,8.5,30.3,C
76,Lou Williams,33,LAC,1864,53.54851532,1.7,9.3,5.6,1.1,0.6,30.1,28.4,0.144,0.546,4.2,-0.2,0.8,3.1,2,6.2,29.9,SG
77,Lonzo Ball,22,NOP,2025,62.35194514,3.9,16.3,10.2,2.2,1.7,29.1,18.5,0.211,0.517,8,2.6,2.3,3.6,-0.8,-2.7,29.8,PG
78,Devonte' Graham,24,CHO,2211,60.44417254,2,9,5.3,1.4,0.6,35.3,24.8,0.145,0.537,7.8,-1,0.6,2.5,-0.5,-1.3,29.6,PG
79,Paul George,29,LAC,1419,49.51767115,1.8,17.8,9.9,2.3,1.2,21.1,29.6,0.125,0.589,8.9,4.5,2.3,2.3,3.9,9.1,29.3,SF
80,Aaron Gordon,24,ORL,2017,56.74748926,5.7,19.6,12.6,1.2,1.6,17.4,20.7,0.104,0.516,7.5,0,1,2.2,0.8,1.9,29.3,PF
81,Royce O'Neale,26,UTA,2049,40.27796095,1.4,18.4,10,1.4,1.4,11.6,9.6,0.135,0.578,6.7,-0.4,0.8,5.8,3,17.8,29,PF
82,Kevin Love,31,CLE,1780,57.63925787,3.1,30.7,16.4,0.9,1,15.4,23.1,0.145,0.599,7.5,0.5,1.1,0,1.3,0,28.8,PF
83,Jerami Grant,25,DEN,1892,41.45399111,3.5,11.5,7.5,1.3,2.8,6.6,18,0.08,0.591,6.2,0.7,1.3,4.4,3.6,16,28.7,PF
84,P.J. Tucker,34,HOU,2467,42.45068026,5,15.8,10.5,1.5,1.2,6,8.7,0.139,0.559,7.4,1.5,2.2,6.5,2.2,14.4,28.4,PF
85,Nerlens Noel,25,OKC,1127,39.31410975,9.2,20.5,14.9,2.6,7.7,7.6,14.9,0.173,0.711,11.3,4.8,1.9,2.2,7.9,17.2,28.3,C
86,Malcolm Brogdon,27,IND,1666,50.9884334,3.2,14.4,8.9,1.1,0.5,33.8,25.2,0.137,0.541,7.1,1.5,1.5,3.4,1.6,5.5,28.2,PG
87,De'Aaron Fox,22,SAC,1634,54.07602751,2.3,11,6.6,2.1,1.3,35.3,29.8,0.141,0.558,8.1,0.9,1.2,1.4,1.5,2.1,28.1,PG
88,Dennis Schröder,26,OKC,1999,49.91118252,1.1,12,6.6,1.1,0.7,21.9,27.2,0.134,0.575,4.9,-1.6,0.2,3.9,1.6,6,28,PG
89,Buddy Hield,27,SAC,2216,56.42707864,2.8,13.6,8.1,1.4,0.7,15.5,27.2,0.121,0.566,6.4,-0.8,0.7,2,-0.3,-0.6,27.9,SG
90,Dejounte Murray,23,SAS,1687,54.37218907,4.3,19.3,11.9,3.1,0.8,23.1,20.8,0.154,0.524,7.3,0.4,1,3.2,0.5,1.5,27.9,PG
91,Enes Kanter,27,BOS,983,36.60311084,18.8,29.6,24.4,1.2,4.4,8.8,19.4,0.125,0.599,8,4.2,1.5,3,6.4,19,27.8,C
92,Derrick White,25,SAS,1677,46.03501421,2.2,11.7,7,1.2,2.8,20,18.9,0.121,0.593,6.8,-0.1,0.8,3.2,2.9,9.3,27.7,SG
93,Jakob Poeltl,24,SAS,1171,42.70900474,11.8,21.7,16.8,1.5,6.6,13.6,13.2,0.151,0.612,10.5,3.6,1.6,2.2,5.4,12.1,27.4,C
94,Karl-Anthony Towns,24,MIN,1187,51.01523531,8,25.9,16.6,1.2,3.1,22.8,28.8,0.132,0.642,14.5,5.8,2.3,0.9,4.1,3.7,27.4,C
95,John Collins,22,ATL,1363,50.03300745,9.4,24.3,16.9,1.2,4.6,7.6,22.7,0.101,0.659,10.3,5.1,2.4,1,4.6,4.5,27.3,PF
96,Kelly Oubre Jr.,24,PHO,1933,48.17058948,3.6,16.4,9.9,1.7,1.8,6.6,22.4,0.082,0.56,5.3,-0.6,0.7,4,1.6,6.5,27.3,SF
97,Brandon Clarke,23,MEM,1300,43.37076853,7.8,20.9,14.5,1.2,3.1,9.5,18.7,0.094,0.663,8.5,3.5,1.8,2,5.6,11.1,27.2,PF
98,Derrick Jones Jr.,22,MIA,1375,32.42725461,5.5,12.7,9.3,2.1,2.5,6.7,13.9,0.069,0.62,8,2,1.4,3.3,6.7,21.9,27.2,SF
99,Harrison Barnes,27,SAC,2482,49.97382831,3.4,12.5,7.9,0.8,0.4,9.2,17.4,0.088,0.574,5.2,-2,0,2.2,1.9,4.2,27.1,PF
100,Tim Hardaway Jr.,27,DAL,2091,43.18522662,1.4,10.7,6.2,1.1,0.2,9.7,21.1,0.067,0.581,5.1,1.7,1.9,5.5,2,11.1,27.1,SG
101,Joe Harris,28,BRK,2123,43.58352379,3.5,11.5,7.8,1.1,0.7,10.4,18.3,0.112,0.606,6.8,2.5,2.4,2.8,3.7,10.4,27,SF
102,Dwight Howard,34,LAL,1306,42.39889902,13.3,27.8,20.3,1.1,5.3,4.8,14.7,0.185,0.696,7.1,0.9,1,1.8,6.6,11.7,27,C
103,Derrick Favors,28,NOP,1243,42.92878003,14.4,28.8,21.7,1.2,3.4,9.2,14,0.129,0.62,8.8,3.4,1.7,2.2,5,10.9,26.9,C
104,Goran Dragić,33,MIA,1663,44.14165125,2,9.9,6.1,1.2,0.5,29.2,25.9,0.148,0.573,5.5,-0.5,0.6,3.9,2.4,9.3,26.7,PG
105,Evan Fournier,27,ORL,2076,48.69489413,0.9,7.9,4.4,1.7,0.6,16.6,23.9,0.109,0.595,6.8,-0.7,0.7,2.3,1.8,4.1,26.4,SG
106,Christian Wood,24,DET,1325,46.95464132,7.9,23.8,15.5,1.1,3.7,7.6,23,0.12,0.659,7.4,-0.1,0.6,1.2,4.6,5.6,26.3,PF
107,Serge Ibaka,30,TOR,1485,44.42520283,8.4,23.9,16.3,0.9,2.6,8.6,24,0.131,0.583,5,-2.9,-0.3,2.9,2.7,7.8,26.1,C
108,Thomas Bryant,22,WAS,1147,39.32247211,8.9,22.4,15.4,1,3.6,11.1,18.9,0.102,0.649,9.3,2.1,1.2,2.5,5.1,12.7,26,C
109,Monte Morris,24,DEN,1636,39.87219274,1.7,7.9,4.8,1.7,1,22.1,17.5,0.081,0.545,4.9,-0.6,0.6,3.8,3.2,12.1,26,PG
110,Markelle Fultz,21,ORL,1996,52.10347646,2.2,10.6,6.4,2.2,0.5,29,21.4,0.149,0.517,5.2,-2.3,-0.2,2.2,-0.4,-0.8,25.7,PG
111,Justin Holiday,30,IND,1826,39.83158904,2,12.5,7.4,2.4,2.1,6.7,13.4,0.079,0.585,7.8,2.2,1.9,3.7,3.1,11.5,25.7,SG
112,Bojan Bogdanović,30,UTA,2083,45.21471668,2,11,6.6,0.8,0.3,10,25.5,0.131,0.603,3.8,-3.3,-0.7,5.9,1,5.9,25.6,SF
113,Tristan Thompson,28,CLE,1721,50.56191745,13.5,22.6,17.9,0.9,2.6,10.5,18.3,0.14,0.54,6.9,-0.1,0.8,0,0.8,0,25.3,C
114,Troy Brown Jr.,20,WAS,1782,46.67237286,4.4,19,11.5,2.2,0.3,14.1,17.8,0.104,0.524,6,-1.2,0.4,3.9,0.9,3.4,25,SG
115,Terry Rozier,25,CHO,2164,51.72962014,2.4,12.2,7.1,1.4,0.4,20.4,23.7,0.121,0.553,7.1,-1.7,0.2,2.5,-0.7,-1.7,25,PG
116,Dāvis Bertāns,27,WAS,1583,38.72058341,2.3,14.6,8.3,1.1,1.7,8.4,19,0.082,0.628,8.1,0.9,1.2,3.5,3.1,10.8,24.8,PF
117,JaVale McGee,32,LAL,1130,39.6097942,11.2,25.4,18.1,1.5,7.3,4.6,14.8,0.139,0.652,7.8,1.6,1,1.5,6.5,10,24.8,C
118,Norman Powell,26,TOR,1479,37.60883184,1.9,11.6,6.9,1.9,1.2,9.7,21.5,0.104,0.624,6.8,-1.1,0.3,2.8,4,11.4,24.5,SG
119,Deandre Ayton,21,PHO,1236,43.13085131,12.5,25.2,18.7,1,4.1,9.7,23.7,0.116,0.568,6.6,0.7,0.8,2.5,2.2,5.5,24.3,C
120,Tomáš Satoranský,28,CHI,1878,46.99952549,4.5,11.1,7.7,2.1,0.3,27.1,16.7,0.177,0.533,6.7,-1.8,0.1,1.3,1,1.3,24.1,PG
121,Collin Sexton,21,CLE,2143,48.19431396,2.9,7.4,5.1,1.5,0.3,15.1,27.2,0.116,0.56,4.3,-2.7,-0.4,0,-1,0,24.1,SG
122,Kelly Olynyk,28,MIA,1300,33.6380543,3.9,21,12.8,1.7,1.6,13.3,17.4,0.138,0.621,7.3,1.3,1.1,3.1,4.6,14.3,24,C
123,Ish Smith,31,WAS,1787,48.25996544,1.7,11.7,6.5,1.6,1.4,27.1,19.1,0.116,0.509,4.8,-2.4,-0.2,3.9,-0.1,-0.5,23.9,PG
124,Seth Curry,29,DAL,1576,33.43466174,2,8.1,5.1,1.3,0.6,11.6,18.4,0.091,0.643,6.3,2.9,1.9,4.2,3.4,14,23.7,SG
125,Dario Šarić,25,PHO,1632,40.1464224,6.4,20.2,13.2,1.1,0.8,10.8,17.8,0.129,0.592,5.9,0,0.8,3.3,2.2,7.2,23.7,PF
126,Danuel House,26,HOU,1913,37.74442724,3.3,11.8,7.6,1.7,1.5,6.1,13.7,0.085,0.572,6.8,0.9,1.4,5.1,1.8,9.3,23.5,SF
127,Jaren Jackson Jr.,20,MEM,1622,43.33594825,3.7,13.7,8.8,1.2,4.8,7.2,24,0.106,0.593,7.1,2.1,1.7,2.5,1.4,3.6,23.5,C
128,T.J. McConnell,27,IND,1326,41.51789178,3.3,12.6,8.1,2.1,0.7,37.6,17.5,0.189,0.54,4.6,-1,0.3,2.7,1.9,5.2,23.4,PG
129,Josh Hart,24,NOP,1755,42.57294885,3.8,22,13.1,1.8,1.2,8.2,15.3,0.114,0.563,6.7,1.3,1.5,3.1,0.9,2.9,22.7,SF
130,Kyle Korver,38,MIL,960,19.03650412,1.6,10.4,6.3,1.3,1.1,9.2,15.4,0.134,0.62,5,0.3,0.6,5.1,5.1,26,22.5,SF
131,Mason Plumlee,29,DEN,1057,34.69857159,10.5,23.7,17.1,1.6,3.3,20.9,18,0.187,0.613,9,3.5,1.5,2.5,4.2,10.4,22.5,C
132,Bogdan Bogdanović,27,SAC,1766,43.33524606,1.6,11.4,6.5,1.7,0.7,18,22.6,0.111,0.565,6.6,-0.6,0.6,1.6,0.7,1.1,22.2,SG
133,Marquese Chriss,22,GSW,1196,41.71974958,9.7,22.9,16.1,1.4,4.3,15.3,19,0.147,0.604,9.3,0.1,0.6,0.9,2.7,2.5,22.1,PF
134,Richaun Holmes,26,SAC,1242,37.17974257,11.1,20.8,15.9,1.6,3.9,5.1,15.6,0.116,0.681,8.8,1.6,1.1,1.1,6.4,7.1,22.1,C
135,Kendrick Nunn,24,MIA,1962,41.61093946,1.2,8.5,5,1.4,0.7,18.5,24.1,0.106,0.534,3.6,-2.4,-0.2,4.6,0.6,2.6,22.1,SG
136,Larry Nance Jr.,27,CLE,1472,44.05604867,7.4,22.9,14.8,1.8,1.3,12.3,15.2,0.115,0.608,8.9,1.9,1.4,0,3.4,0,22,C
137,Brad Wanamaker,30,BOS,1369,29.53650028,1.8,9.7,5.8,2.4,1.1,17.8,15.5,0.153,0.577,5.1,1.3,1.1,4.1,3.4,14.2,21.9,PG
138,Terrence Ross,28,ORL,1889,42.80785639,0.7,11.9,6.3,2,1.1,6.8,22.8,0.07,0.548,5.5,-2,0,2.1,0.4,0.8,21.8,SG
139,Paul Millsap,34,DEN,1240,33.09412239,9,18,13.5,1.8,2.3,9.6,20,0.123,0.591,7.4,1.9,1.2,2.9,3.4,10,21.5,PF
140,Dwight Powell,28,DAL,1061,25.8127924,8.1,15.4,11.9,1.8,2,7.7,12.6,0.115,0.677,8.7,5.3,1.9,2.8,6.1,17.1,21.5,C
141,Patrick Beverley,31,LAC,1342,33.41817253,4.5,15.8,10.2,2,1.6,18.2,13.3,0.154,0.56,8.1,3.7,1.9,2.2,4,8.9,21.2,PG
142,J.J. Redick,35,NOP,1581,34.75521505,0.7,9.5,5.2,0.6,0.6,10.8,20.4,0.095,0.644,5.8,0.4,1,2.8,2.7,7.6,21.2,SG
143,Derrick Rose,31,DET,1298,42.28307124,2.1,8,4.9,1.4,1.1,40.5,31.6,0.134,0.555,6.3,-1.2,0.3,1.2,-0.2,-0.3,21,PG
144,Cody Zeller,27,CHO,1341,38.9872599,12.5,21.9,16.9,1.5,1.7,11.3,20.8,0.119,0.576,7.8,-1,0.3,1.5,2,3,21,C
145,Rudy Gay,33,SAS,1461,40.80931056,4.4,21.4,13,1.1,1.8,11.3,22,0.118,0.553,4.3,-2.6,-0.2,2.8,0.1,0.2,20.5,PF
146,Jaxson Hayes,19,NOP,1080,29.95748745,9.9,15.9,12.9,1.2,4.6,7.2,15,0.134,0.689,8.1,2.7,1.3,1.9,5.4,10.4,20.2,C
147,Elfrid Payton,25,NYK,1246,41.03401272,4.2,13.6,8.7,2.6,1.1,38.6,19.5,0.167,0.47,7,-2.1,0,1.4,-0.6,-0.8,20.1,PG
148,Tyus Jones,23,MEM,1232,36.19184124,0.8,8.2,4.6,2.4,0.4,32,17.2,0.108,0.532,4.3,-0.7,0.4,1.9,2,3.8,20,PG
149,Thaddeus Young,31,CHI,1591,40.22829867,6.5,16.3,11.3,2.9,1.2,11.3,19.7,0.139,0.521,6.9,-1.6,0.2,1.1,-0.8,-0.9,19.7,PF
150,Chris Boucher,27,TOR,819,28.78752554,14.3,21.8,18.1,1.3,6.2,4.8,19.7,0.074,0.587,7.5,-0.4,0.3,1.6,6.5,10.2,19.5,PF
151,Caris LeVert,25,BRK,1330,37.93168535,4.3,11,7.9,2.2,0.7,25,29.5,0.126,0.514,6.6,2.3,1.4,1.8,0.6,1,19.5,SG
152,Garrett Temple,33,BRK,1730,35.52630425,2,11.4,7,1.6,1.5,12.8,16.6,0.09,0.513,6.3,2,1.7,2.3,1.5,3.5,19.5,SG
153,Miles Bridges,21,CHO,1995,43.22903563,4.6,16,10,1,2.2,9.4,20,0.105,0.52,5.3,-3.5,-0.8,2.3,-2,-4.6,19.3,SF
154,Rondae Hollis-Jefferson,25,TOR,1122,30.18030945,10.7,16.2,13.5,1.9,1.7,13.6,17.2,0.131,0.533,6.3,-1.6,0.1,2.2,3.7,8,19.1,SF
155,Alec Burks,28,GSW,1390,37.71099503,2.7,14.8,8.6,1.6,1,17.4,23.8,0.098,0.552,7,-2.2,-0.1,1.1,0.2,0.2,19,SG
156,Danny Green,32,LAL,1687,34.42632251,3.1,11.2,7,2.4,1.7,7.1,13.9,0.113,0.552,6.7,0.5,1.1,2.3,1.6,3.6,19,SG
157,Ben McLemore,26,HOU,1619,27.93383456,1.4,9,5.3,1.4,0.8,5.2,16,0.08,0.622,5.8,-0.1,0.8,4.3,2.3,10,19,SG
158,Kyle Anderson,26,MEM,1330,35.56694624,4.8,18.3,11.7,2,2.4,15.9,13.5,0.153,0.534,6.8,1.8,1.3,2,1,2.1,18.8,PF
159,Bruce Brown,23,DET,1634,38.21726274,3.8,14.4,8.8,1.7,1.6,20.4,16,0.167,0.518,5.6,-1.9,0,1.5,-0.4,-0.6,18.8,SG
160,Robert Covington,29,MIN,1411,37.37315498,2.6,19.3,10.6,2.5,2.8,5.9,17.8,0.12,0.572,7.5,-1.2,0.3,1.1,0.2,0.2,18.8,PF
161,Kevin Huerter,21,ATL,1760,38.70665513,2.2,12.1,7.2,1.5,1.5,17.5,17.1,0.12,0.536,6.8,1.6,1.6,1.3,-0.9,-1.1,18.8,SG
162,Andrew Wiggins,24,MIN,1455,39.43464312,3.3,12.8,7.8,0.9,2.2,18.1,28,0.108,0.535,6.1,-2.6,-0.2,1.1,-1.8,-2,18.7,SF
163,Marc Gasol,35,TOR,1161,30.63045781,2.9,22.1,12.7,1.4,2.7,17.3,13.2,0.164,0.551,7.4,-0.5,0.4,2.2,3,6.6,18.6,C
164,Lauri Markkanen,22,CHI,1492,36.68567092,4.4,19.9,11.9,1.4,1.3,7.6,21.1,0.11,0.56,5.8,-2.7,-0.3,1,0.4,0.5,18.6,PF
165,P.J. Washington,21,CHO,1759,39.44649948,3.5,17.1,9.9,1.4,2.3,11.3,18.6,0.125,0.547,6.5,-2.3,-0.1,2,-1.1,-2.2,18.6,PF
166,Draymond Green,29,GSW,1222,38.20080835,1.9,21.7,11.5,2.1,2.3,31.2,15.7,0.218,0.489,7.2,-2,0,0.9,-1.6,-1.5,18.4,PF
167,Michael Porter Jr.,21,DEN,903,28.11519475,8.3,24.4,16.4,1.5,2.6,7.9,22.3,0.106,0.617,6.5,1,0.7,2.1,3.8,8.1,18.1,PF
168,Taurean Prince,25,BRK,1857,39.00548432,3.2,18.6,11.3,1.7,1.2,9.2,20.4,0.14,0.497,4.4,0.1,1,2.5,-1.2,-3,18,SF
169,Eric Paschall,23,GSW,1654,36.56781693,5,12.7,8.7,0.9,0.7,12.7,21.4,0.114,0.571,5.1,-4.1,-0.9,1.3,-0.6,-0.8,17.9,PF
170,Terence Davis,22,TOR,1209,29.40113118,4.5,16.2,10.5,1.5,1,14.2,19,0.141,0.588,5.8,-2.1,0,2.3,2.6,6.1,17.8,SG
171,JaMychal Green,29,LAC,1307,28.71502058,6.2,24.2,15.3,1.1,1.6,5,13.7,0.126,0.576,4.7,0.3,0.8,2.2,3.2,6.9,17.8,PF
172,Kentavious Caldwell-Pope,26,LAL,1762,29.4726471,2.2,6.4,4.2,1.6,0.7,8.5,14.7,0.101,0.584,4.9,-1.3,0.3,2.4,2.5,5.9,17.7,SG
173,Jonathan Isaac,22,ORL,980,33.32983229,6.3,19,12.6,2.6,6.7,7.4,18.3,0.118,0.552,9.7,2.2,1,1.1,1.8,1.9,17.6,SF
174,Wendell Carter Jr.,20,CHI,1256,32.85046745,12.2,24.8,18.4,1.3,2.4,6,16.4,0.149,0.59,6.5,-2,0,0.9,2.5,2.2,17.5,C
175,Trey Lyles,24,SAS,1271,31.70557442,5.9,23.7,14.9,1,1.8,7.2,13.6,0.097,0.557,5.1,-1.8,0.1,2.4,1.3,3.2,17.5,PF
176,Patty Mills,31,SAS,1485,31.16126486,1.6,6,3.8,1.7,0.3,11.4,20.4,0.077,0.592,5.5,-1.4,0.2,2.8,1.4,3.8,17.5,PG
177,D.J. Augustin,32,ORL,1420,32.72919473,1.7,7.6,4.6,1.2,0.1,26.8,19.1,0.137,0.554,4.3,-3.2,-0.4,1.6,1.1,1.8,17.3,PG
178,Tony Bradley,22,UTA,663,21.79981189,18,24.5,21.3,1,4.3,5.4,15.8,0.125,0.681,7.3,0.2,0.4,1.9,6.8,12.9,17.3,C
179,Cedi Osman,24,CLE,1910,34.54149653,2.1,11.2,6.5,1.4,0.8,11.6,16.6,0.123,0.552,5.4,-1.6,0.2,0,-1.4,0,17.3,SF
180,Tyler Herro,20,MIA,1508,33.00900741,1.2,14.4,8.1,1.1,0.5,12.7,22.3,0.114,0.55,3.4,-2.6,-0.2,3.6,0.4,1.4,17.2,SG
181,Jeremy Lamb,27,IND,1291,31.06529389,2.2,15.1,8.8,2.1,1.4,10.5,19.6,0.087,0.547,5.8,0.2,0.7,2.6,1.3,3.4,17.2,SG
182,Cory Joseph,28,SAC,1759,33.91843541,2.7,9.1,5.9,1.4,1,19.1,12.9,0.153,0.517,4.3,-2.9,-0.4,1.6,0.2,0.3,17.1,PG
183,Bobby Portis,24,NYK,1393,34.95164034,5.7,19.6,12.5,1.1,1.1,11.1,21.4,0.104,0.53,4.7,-4.4,-0.8,1.5,-0.5,-0.7,17.1,C
184,Coby White,19,CHI,1674,36.48727084,1.9,14.1,7.8,1.5,0.3,16.5,24.4,0.114,0.506,4,-4.5,-1.1,1.2,-2.2,-2.6,16.9,SG
185,Carmelo Anthony,35,POR,1902,39.82888345,4.1,17.1,10.6,1.3,1.3,6.4,21.2,0.105,0.525,3.1,-2.3,-0.1,3.6,-1.7,-6.2,16.8,PF
186,De'Anthony Melton,21,MEM,1167,34.09522543,4.1,16.3,10.3,3.2,1.5,20.1,19.2,0.156,0.501,6.7,1.7,1.1,1.8,-0.3,-0.5,16.8,PG
187,Mo Bamba,21,ORL,878,30.9745371,12.2,24.8,18.4,1.3,8.2,7.2,17.1,0.121,0.542,8.6,1.1,0.7,1,2.6,2.5,16.7,C
188,Marcus Morris,30,NYK,1387,32.3659261,3.5,14.1,8.6,1.1,1,6.8,24.4,0.092,0.582,5.6,-3.5,-0.5,1.5,0.7,1.1,16.7,SF
189,Langston Galloway,28,DET,1702,30.67281464,2,7.5,4.6,1.2,0.6,8.8,15.9,0.065,0.584,5.5,-2,0,1.6,1.6,2.5,16.6,SG
190,Josh Richardson,26,PHI,1693,35.13349144,2.6,8.6,5.5,1.5,1.9,13.9,20.6,0.128,0.533,4.7,-2.4,-0.2,3.3,-0.6,-1.9,16.6,SG
191,Rui Hachimura,21,WAS,1444,32.29927333,5.6,16.5,10.9,1.2,0.5,8.8,19,0.08,0.535,4.2,-3,-0.4,3.2,0.2,0.8,16.5,PF
192,Aaron Holiday,23,IND,1617,34.26440367,1.6,9.2,5.5,1.7,0.8,19.1,18.7,0.128,0.521,4,-1.6,0.2,3.3,-0.4,-1.2,16.5,PG
193,Dillon Brooks,24,MEM,2112,39.48729036,3.6,8.9,6.3,1.5,1.1,10.5,25.2,0.097,0.51,3.3,-1.7,0.2,3.2,-2.1,-6.7,16.4,SG
194,Cameron Johnson,23,PHO,1255,26.8485,4.1,11.8,7.9,1.4,1.4,7.7,15.7,0.069,0.586,6.4,0.5,0.8,2.6,2.2,5.7,16.3,PF
195,Josh Okogie,21,MIN,1547,32.83094714,5.6,12.7,9,1.9,1.5,8.9,15.1,0.153,0.553,6,-2.7,-0.3,1.2,-0.2,-0.3,16.3,SG
196,D'Angelo Russell,23,GSW,1060,33.79503087,1.3,11.1,6.1,1.3,0.7,36,32.2,0.126,0.558,9.7,0.5,0.7,0.8,-1.5,-1.2,16.3,PG
197,Kris Dunn,25,CHI,1269,32.03566623,2,15.1,8.3,4,1.1,19.4,14.6,0.157,0.51,7.9,-0.6,0.4,0.9,0.3,0.3,16.2,PG
198,Furkan Korkmaz,22,PHI,1559,29.67037626,1.2,10.5,5.8,1.3,0.9,7.3,18.4,0.088,0.579,4.4,-2.7,-0.3,3.1,0.9,2.8,16.2,SG
199,Doug McDermott,28,IND,1372,26.32186516,2.2,12,7.2,0.4,0.3,8.4,19.6,0.068,0.62,4.4,-1.2,0.3,2.8,2.1,6,16.2,PF
200,Glenn Robinson III,26,GSW,1516,31.95072074,4.4,11.5,7.8,1.3,0.8,8.8,16.6,0.085,0.574,6.5,-2.7,-0.3,1.2,0,0,16,SF
201,Mike Conley,32,UTA,1363,31.31465436,2.6,9,5.9,1.3,0.3,23.1,23.1,0.128,0.537,4.3,-2.8,-0.3,3.9,0.1,0.5,15.9,PG
202,Damion Lee,27,GSW,1423,32.46830535,2.3,15.9,8.8,1.6,0.4,14.4,19,0.106,0.548,6.3,-2.9,-0.3,1.1,-0.6,-0.6,15.9,SG
203,Jae Crowder,29,MEM,1322,31.6217441,3.3,19.3,11.4,1.7,0.9,12.2,15.6,0.109,0.507,6.5,1.5,1.2,2,0,0,15.8,SF
204,Kyle Kuzma,24,LAL,1526,32.3169856,3.5,15.7,9.4,0.9,1.5,7.6,22.9,0.11,0.531,2.1,-4.1,-0.8,2.1,-0.4,-0.8,15.8,PF
205,Robin Lopez,31,MIL,958,18.57622785,6.2,10.2,8.3,0.5,4.1,6.3,16.6,0.164,0.554,2.8,-1.9,0,5.1,2.5,12.7,15.6,C
206,Gary Harris,25,DEN,1780,30.73095503,1.7,8.8,5.2,2.1,0.7,8.9,15.1,0.097,0.519,5.1,-0.4,0.7,4.2,0,0,15.4,SG
207,Willie Cauley-Stein,26,GSW,940,29.15712138,7.7,21.4,14.3,2.1,4.4,9.9,14.4,0.11,0.573,8.7,-0.5,0.4,0.7,1.8,1.3,15.2,C
208,Kyrie Irving,27,BRK,658,25.89576532,3.9,12.8,8.7,2.3,1.4,36.7,32.6,0.101,0.595,14.6,10.3,2,0.9,4.7,4.1,15,PG
209,Austin Rivers,27,HOU,1594,28.0207042,1.9,10,5.9,1.5,0.5,10,15.6,0.083,0.542,4.3,-1.6,0.2,4.2,0.4,1.5,14.8,SG
210,Darius Garland,20,CLE,1824,29.37459659,1.5,5.1,3.2,1.1,0.2,18.5,20.7,0.171,0.498,1.3,-5.7,-1.7,0,-5.1,0,14.7,PG
211,Meyers Leonard,27,MIA,1034,21.17259825,3.3,23.3,13.7,0.7,1.3,7.6,12.2,0.137,0.627,4.7,-1.3,0.2,2.5,3.2,7.8,14.5,C
212,Bismack Biyombo,27,CHO,1029,27.27212217,12.2,21.3,16.6,0.5,4.4,7.8,16.8,0.122,0.57,6.1,-2.7,-0.2,1.2,1.3,1.5,14.4,C
213,Gorgui Dieng,30,MIN,778,27.60432691,9.4,25.5,17.1,2.1,4.7,11.1,18.4,0.127,0.563,9,0.3,0.4,0.6,1.9,1.1,14.4,C
214,Gary Trent Jr.,21,POR,1332,24.4031684,2.1,6.2,4.1,1.8,1.1,6.3,15.3,0.044,0.587,5.9,0.5,0.8,2.5,1.8,4.4,14.4,SG
215,RJ Barrett,19,NYK,1704,36.1472921,2.9,14.2,8.4,1.5,0.8,12.8,24,0.129,0.479,2.9,-6.2,-1.8,1.9,-4,-7.6,14.3,SG
216,De'Andre Hunter,22,ATL,2018,32.70762592,2.4,13.2,7.8,1.1,0.9,8,17.5,0.121,0.521,3.9,-1.3,0.4,1.4,-3.1,-4.4,14.2,SF
217,Taj Gibson,34,NYK,1025,25.2640685,10.8,16.1,13.4,1.2,2.4,7.6,14.8,0.131,0.61,6.6,-2.5,-0.1,1.1,2.6,2.9,14.1,C
218,Jalen Brunson,23,DAL,1022,25.54819952,2.5,11.8,7.3,1.2,0.4,27,20.4,0.136,0.553,3.9,0.5,0.6,2.7,0.9,2.4,14,PG
219,Mike Scott,31,PHI,1207,22.59343977,5.7,16.6,11.1,0.9,0.4,6.4,14,0.066,0.557,4.5,-2.6,-0.2,2.4,2,4.8,13.7,PF
220,Tony Snell,28,DET,1641,24.65298081,0.6,6.9,3.6,0.9,0.8,10.9,11.4,0.073,0.598,5.3,-2.2,-0.1,1.5,1.8,2.7,13.7,SF
221,Matisse Thybulle,22,PHI,1287,25.68927586,3.6,5.4,4.5,3.6,3.3,8,11.2,0.153,0.539,8.1,1,1,2.5,0.7,1.8,13.7,SG
222,Isaac Bonga,20,WAS,1250,22.72105527,5.9,13.3,9.5,1.7,1.5,7.9,11,0.176,0.608,5.9,-1.3,0.2,2.7,1.6,4.5,13.6,SF
223,Alex Caruso,25,LAL,1175,25.19346203,1.5,9.8,5.5,2.9,1.3,13.6,13.8,0.138,0.525,5,-1.2,0.2,1.6,1.1,1.8,13.5,PG
224,Rajon Rondo,33,LAL,984,27.05614334,2.4,13.1,7.6,2,0.2,32.9,18.7,0.208,0.494,3.2,-3,-0.2,1.3,-0.4,-0.6,13.2,PG
225,Robert Williams,22,BOS,388,16.09462937,11.7,24.6,18.3,3.1,9.5,10.1,13.6,0.169,0.728,14.1,10.3,1.2,1.2,8.8,10.3,13.2,C
226,Jarrett Culver,20,MIN,1506,30.77921815,4.7,10.2,7.3,1.7,2.2,10.8,19.2,0.115,0.467,3.9,-4.8,-1.1,1.1,-4,-4.5,13.1,SG
227,Jeff Teague,31,MIN,945,25.78666006,1.6,8.4,4.9,1.2,1.2,32.5,20.2,0.164,0.578,4.8,-3.9,-0.5,0.7,0.7,0.5,13.1,PG
228,Torrey Craig,29,DEN,1072,19.53906923,6.7,13.4,10.1,1.1,3.1,5.9,12.6,0.081,0.553,6,0.5,0.7,2.5,2.4,6.1,12.8,SF
229,Maurice Harkless,26,LAC,1141,21.74305079,4.3,13.6,9,2.1,2.3,5.5,10.3,0.163,0.584,6.2,1.8,1.1,1.9,2.1,3.9,12.8,SF
230,Damian Jones,24,ATL,887,21.53994641,9.2,16.4,12.8,1.5,4.3,5.6,11.4,0.115,0.712,8.6,3.4,1.2,0.6,6.4,4,12.8,C
231,Aron Baynes,33,PHO,934,22.8928599,8,19.1,13.5,0.5,2.1,10.9,21.1,0.108,0.581,5.8,-0.1,0.4,1.9,1.4,2.6,12.7,C
232,Sterling Brown,24,MIL,767,17.49622222,4.3,18.5,11.8,1.8,0.8,8.6,17,0.133,0.486,2.5,-2.2,0,4.1,1.9,7.9,12.7,SF
233,Cam Reddish,20,ATL,1551,29.47921029,2.5,12.9,7.7,2.1,1.7,8,18.9,0.136,0.5,4,-1.2,0.3,1.1,-3.9,-4.3,12.6,SF
234,Michael Carter-Williams,28,ORL,833,23.46978396,5.9,13.1,9.5,2.8,2.2,19.1,18.3,0.147,0.535,7.8,0.3,0.5,0.9,1.1,1,12.2,SG
235,Ian Mahinmi,33,WAS,808,22.21133405,10,19.1,14.4,1.8,4.5,8.3,15.7,0.148,0.545,7,-0.2,0.4,1.8,1.1,1.9,12.1,C
236,Moritz Wagner,22,WAS,835,20.82767251,7,21.5,14,1.6,1.9,9.8,18.6,0.177,0.638,6.1,-1.1,0.2,1.8,1.8,3.3,12.1,C
237,Bryn Forbes,26,SAS,1579,25.79657235,0.8,7.5,4.2,1,0,9.5,18.5,0.084,0.57,3.8,-3.1,-0.4,3,-0.6,-1.7,12,SG
238,Shabazz Napier,28,MIN,856,24.10532886,2,11.8,6.7,2,0.7,31.3,19.1,0.191,0.539,5.5,-3.2,-0.3,0.7,-0.6,-0.4,11.9,PG
239,Jabari Parker,24,ATL,837,24.21852275,7.2,18.1,12.6,2.6,1.7,11.6,24,0.124,0.565,7.5,2.3,0.9,0.6,-0.6,-0.4,11.9,PF
240,Alex Len,26,ATL,745,22.8798187,10.3,23.9,17.1,1.4,4.2,8.7,18.6,0.117,0.59,7.5,2.3,0.8,0.5,1.6,0.8,11.8,C
241,Landry Shamet,22,LAC,1452,18.38627651,0.4,6.6,3.6,0.7,0.6,9.1,13.4,0.09,0.58,4.3,-0.1,0.7,2.4,2.2,5.3,11.8,SG
242,Jevon Carter,24,PHO,945,20.1273553,3.3,10,6.6,2.4,1.6,11.9,12.9,0.112,0.563,6.4,0.5,0.6,1.9,1.6,3.2,11.7,PG
243,Zion Williamson,19,NOP,668,22.46534769,10.5,13.7,12.1,1.2,1.2,13.3,30.5,0.119,0.616,6.4,1,0.5,1.2,0.9,1,11.7,PF
244,Jordan Clarkson,27,UTA,1039,23.64691094,3,8.9,6,1.3,0.7,10.8,26.7,0.092,0.569,3.6,-3.5,-0.4,3,-0.1,-0.4,11.6,SG
245,Jae Crowder,29,MIA,553,14.91561625,2.5,18,10.6,2.2,1.6,9.7,15.3,0.078,0.669,9.9,3.9,0.8,1.3,6.3,8.3,11.6,SF
246,Omari Spellman,22,GSW,886,23.65344032,8.8,17.5,13,1.6,2.3,8.1,18.8,0.139,0.551,5.7,-3.5,-0.3,0.7,-0.6,-0.4,11.6,PF
247,Nicolò Melli,29,NOP,1042,22.38717053,4,14.5,9.3,1.6,2,10.5,15.7,0.115,0.556,5.9,0.5,0.7,1.9,0.4,0.7,11.5,C
248,Kevin Porter Jr.,19,CLE,1162,23.0527549,1.9,13.4,7.4,1.9,1.1,13.9,20.5,0.167,0.535,3.7,-3.3,-0.4,0,-3.1,0,11.5,SF
249,Robert Covington,29,HOU,726,21.66223813,4.1,22,13.1,2.4,5.7,6.1,15.4,0.111,0.531,9,3.1,0.9,1.9,0.6,1.1,11.4,C
250,Darius Bazley,19,OKC,1130,24.74270199,3,21.2,12.2,1,3.5,5.1,15.1,0.116,0.497,2.6,-3.9,-0.5,2.2,-1.1,-2.4,11.2,PF
251,Sviatoslav Mykhailiuk,22,DET,1265,22.48945755,1.4,7.6,4.3,1.4,0.3,12.3,17.1,0.123,0.578,4.5,-3,-0.3,1.2,-0.6,-0.7,10.9,SF
252,Khem Birch,27,ORL,922,18.63556125,10.5,15.1,12.8,1.1,2.1,7.3,10.2,0.142,0.566,6.2,-1.3,0.2,1,2.8,2.9,10.8,C
253,Malik Monk,21,CHO,1169,25.21449624,2.4,13,7.4,1,1.3,16.6,22.9,0.126,0.53,4,-4.8,-0.8,1.3,-2.8,-3.7,10.8,SG
254,Semi Ojeleye,25,BOS,1011,13.64236101,2.9,12.8,8,1.1,0.5,4.7,9.7,0.083,0.562,3.6,-0.2,0.5,3,2.6,7.9,10.8,PF
255,Frank Ntilikina,21,NYK,1187,23.10901404,1.9,8.7,5.2,2.1,1.1,20.2,15.4,0.165,0.497,4.2,-4.9,-0.9,1.3,-1.7,-2.2,10.5,PG
256,Shake Milton,23,PHI,805,17.44563613,2,9.9,5.9,1.2,0.8,18.8,18.9,0.133,0.617,5.4,-1.7,0.1,1.6,2,3.2,10.3,SG
257,Frank Kaminsky,26,PHO,777,19.59289325,4.7,19.5,12,0.9,1.1,14.3,21,0.096,0.545,4.6,-1.3,0.1,1.6,0.5,0.8,10.2,C
258,Luke Kennard,23,DET,922,19.86341333,1,10.6,5.6,0.6,0.6,19.2,19.8,0.103,0.589,5.9,-1.6,0.1,0.8,0.7,0.6,10.2,SG
259,Boban Marjanović,31,DAL,422,16.45165232,17.9,33.4,25.9,1,2.3,8.3,26.9,0.113,0.612,4.3,0.9,0.3,1.1,3.2,3.5,10,C
260,Markieff Morris,30,DET,988,21.07163073,2.4,16.6,9.2,1.2,1,11,21.8,0.142,0.573,3.9,-3.6,-0.4,0.9,-1.4,-1.3,9.9,PF
261,Thon Maker,22,DET,776,18.93792212,7,16.1,11.3,1.4,4.5,8,16.1,0.157,0.582,5.7,-1.8,0,0.7,0.8,0.5,9.7,C
262,Harry Giles,21,SAC,667,18.23126739,7,24.3,15.5,1.6,2.3,14.2,20.6,0.139,0.58,5.2,-2,0,0.6,1.1,0.7,9.5,PF
263,Grant Williams,21,BOS,1043,16.80922747,6.4,12.4,9.5,1.6,3.6,8.5,11.6,0.176,0.505,5.5,1.7,1,3.1,0.7,2.1,9.5,PF
264,Solomon Hill,28,MEM,901,18.60481435,2.9,14.3,8.7,1.7,0.7,13.4,13.4,0.138,0.549,5.5,0.5,0.6,1.4,0,0,9.3,SF
265,Patrick Patterson,30,LAC,776,14.67713306,4.7,15.2,10,0.4,0.3,7.2,14.7,0.077,0.58,3.6,-0.8,0.2,1.3,3.1,4,9.3,PF
266,Jordan McLaughlin,23,MIN,590,17.30615454,1.2,7.7,4.3,2.5,0.6,31,15.8,0.137,0.587,5.5,-3.2,-0.2,0.4,2.1,1,9.2,PG
267,DeAndre' Bembry,25,ATL,915,20.25360116,4.1,14.2,9.2,3.2,2,12.3,14,0.194,0.5,6.3,1.1,0.7,0.7,-3,-2,9.1,SG
268,James Ennis,29,PHI,776,15.88501187,6.6,14.4,10.4,1.5,1.6,7.3,15.7,0.109,0.564,5.1,-2,0,1.5,1.5,2.3,9.1,SF
269,Georges Niang,26,UTA,923,16.53727977,1.7,12.6,7.3,0.9,0.5,7,17.2,0.083,0.589,3.2,-3.9,-0.4,2.6,0.6,1.7,9.1,PF
270,Trevor Ariza,34,POR,702,15.19955922,2,13.5,7.8,2.4,1,7.6,12.5,0.135,0.643,8,2.6,0.8,1.3,1.9,2.5,8.8,SF
271,Wesley Iwundu,25,ORL,953,16.73730934,2.7,12.1,7.4,1.3,1.1,8.8,13.7,0.086,0.544,4.3,-3.2,-0.3,1.1,0.8,0.9,8.8,SF
272,E'Twaun Moore,30,NOP,1020,20.83570578,3.3,10.4,6.9,1.6,1,11,19.9,0.081,0.51,3.1,-2.3,-0.1,1.8,-1.8,-3.2,8.8,SG
273,Jordan Clarkson,27,CLE,666,17.46758707,3.2,8,5.5,1.2,1.1,17,25.9,0.097,0.581,6.1,-0.9,0.2,0,0.2,0,8.7,SG
274,Marvin Williams,33,MIL,321,6.791280959,4.9,17.1,11.4,1.4,2.2,7.2,8.7,0.118,0.566,6.2,1.5,0.3,1.7,6.2,10.7,8.7,PF
275,Skal Labissière,23,POR,567,14.90203467,12.6,20.1,16.3,0.6,4.8,10.1,14.3,0.157,0.588,7.1,1.7,0.5,1.1,2.1,2.3,8.6,C
276,Cody Martin,24,CHO,903,18.97248896,4.4,15.5,9.7,2.1,0.9,15.7,13.6,0.157,0.505,5.6,-3.2,-0.3,1,-1.7,-1.7,8.6,SF
277,Daniel Gafford,21,CHI,609,15.58291272,9.4,10.4,9.9,1.1,7.9,5.2,13.3,0.153,0.686,8.9,0.4,0.4,0.4,3.6,1.5,8.5,C
278,Ky Bowman,22,GSW,1015,19.88816281,2.4,10.4,6.3,1.9,0.8,19.4,17.2,0.171,0.494,3.7,-5.5,-0.9,0.8,-3.9,-3,8.4,PG
279,Timothé Luwawu-Cabarrot,24,BRK,853,13.86238918,4,12,8.2,1.2,0.8,4.9,16.8,0.108,0.599,4.4,0.1,0.4,1.1,2.6,3,8.4,SG
280,Avery Bradley,29,LAL,1186,17.8728448,1.5,8.9,5.1,1.7,0.4,7.2,15.7,0.107,0.537,3.3,-2.9,-0.3,1.6,-0.8,-1.3,8.3,SG
281,Jordan McRae,28,WAS,654,17.77696492,2.7,14.7,8.5,1.4,1.9,19.1,24.9,0.097,0.523,5,-2.2,0,1.4,-0.8,-1.1,8.3,SG
282,Abdel Nader,26,OKC,867,15.55128065,1.8,11,6.5,1.3,2.2,6.4,17,0.128,0.591,3.6,-2.9,-0.2,1.7,0.6,1.1,8.3,SF
283,Marvin Williams,33,CHO,808,16.13139655,1.9,13.6,7.5,1.6,2.5,7.8,14,0.097,0.593,6.5,-2.3,-0.1,0.9,0.5,0.5,8.3,PF
284,Kevin Knox,20,NYK,1166,20.454588,2.4,14.1,8.1,0.9,2,7.4,17.8,0.092,0.47,2.3,-6.8,-1.4,1.3,-3.4,-4.3,8.1,SF
285,Emmanuel Mudiay,23,UTA,850,19.75212192,2.3,13.2,7.8,1.3,1,20.9,22.6,0.173,0.543,1.9,-5.2,-0.7,2.4,-1.5,-3.6,8.1,PG
286,Shaquille Harrison,26,CHI,484,15.13976471,5,15.5,10.1,3.5,3.4,15.3,18.1,0.092,0.559,9,0.5,0.3,0.3,2.6,0.9,8,SF
287,Jordan Poole,20,GSW,1274,21.51196739,0.7,9.3,4.9,1.2,0.7,15.8,21.1,0.118,0.454,1.5,-7.7,-1.8,1,-5.7,-5.6,8,SG
288,Cheick Diallo,23,PHO,479,12.91476552,6.6,22.7,14.5,1.1,2.2,6.9,17,0.167,0.688,3.8,-2.1,0,1,2.6,2.6,7.8,C
289,Trevor Ariza,34,SAC,791,15.57624966,2.9,17.6,10.2,2.1,0.8,8.3,11.2,0.137,0.543,6.3,-0.9,0.2,0.7,-0.1,-0.1,7.7,SF
290,Bruno Fernando,21,ATL,713,15.88631214,10.4,20.3,15.4,1.3,2.3,9.9,15.3,0.159,0.542,5.1,-0.1,0.3,0.5,-0.8,-0.4,7.7,C
291,Jeff Green,33,HOU,407,10.73649591,2.7,11.1,6.9,1.7,1.9,11.5,17.9,0.085,0.682,8.6,2.7,0.5,1.1,4.4,4.7,7.7,C
292,Elie Okobo,22,PHO,719,15.41950622,2.3,11.1,6.6,1.6,0.5,21.2,14.8,0.152,0.516,2.7,-3.2,-0.2,1.5,-0.1,-0.1,7.7,PG
293,Ryan Arcidiacono,25,CHI,930,15.07540723,2.4,11.3,6.7,1.4,0.3,14.3,12.5,0.135,0.551,4.4,-4.1,-0.5,0.6,0,0,7.5,PG
294,Justin Jackson,24,DAL,1045,17.33249587,3,13.1,8.2,0.8,0.9,6.8,15.4,0.037,0.496,2.1,-1.3,0.2,2.8,-0.9,-2.4,7.5,PF
295,Jahlil Okafor,24,NOP,467,13.83532798,11.3,17.9,14.7,0.7,4.3,12,19.9,0.167,0.642,6.9,1.5,0.4,0.8,1.4,1.2,7.5,C
296,Keita Bates-Diop,24,MIN,646,14.89092924,3.3,15,8.9,1.1,2.7,6.7,15.8,0.056,0.535,4.6,-4.1,-0.3,0.5,-0.1,-0.1,7.4,SF
297,Matthew Dellavedova,29,CLE,821,14.83572146,2.3,7.7,4.9,1.2,0.2,29,13,0.236,0.463,0.4,-6.6,-1,0,-2.9,0,7.4,PG
298,Mike Muscala,28,OKC,572,12.24553413,3.2,17.8,10.6,0.8,2,10.1,16.6,0.079,0.569,5.1,-1.4,0.1,1.1,2.2,2.5,7.4,C
299,Raul Neto,27,PHI,668,14.58048723,1.7,8.2,4.9,1.8,0.8,20.3,18.7,0.162,0.567,2.9,-4.2,-0.4,1.3,0.1,0.1,7.3,PG
300,Lonnie Walker,21,SAS,988,19.27658733,2.5,12.2,7.4,1.5,1.1,9.6,18.7,0.103,0.507,1.8,-5.1,-0.8,1.9,-2.4,-4.6,7.3,SG
301,Patrick McCaw,24,TOR,908,13.86960075,2.3,7.7,5.1,2,0.4,11.5,9.4,0.146,0.5,4.6,-3.3,-0.3,1.7,0.3,0.6,7.2,SF
302,Marco Belinelli,33,SAS,883,15.56877898,0.8,10.8,5.9,0.6,0.1,10.7,17.5,0.053,0.532,2.1,-4.8,-0.6,1.7,-0.8,-1.4,7.1,SG
303,Damyean Dotson,25,NYK,836,15.19543728,1.2,10.2,5.6,1.3,0.4,10,16.5,0.065,0.527,3.9,-5.2,-0.7,0.9,-1.1,-1,7.1,SG
304,Mario Hezonja,24,POR,871,16.64468405,3.8,19.3,11.6,2,0.9,7.5,13.9,0.147,0.525,3.5,-1.9,0,1.6,-1.5,-2.5,7.1,PF
305,Kyle O'Quinn,29,PHI,313,12.28633689,11.5,28.6,20,1.1,6.9,22.7,15.7,0.176,0.544,10.3,3.2,0.4,0.6,3,1.9,7.1,C
306,Naz Reid,20,MIN,495,14.20613938,6.9,19.7,13.1,1.7,3.9,11.2,24,0.076,0.505,5.9,-2.8,-0.1,0.4,-0.8,-0.3,7,C
307,Kenrich Williams,25,NOP,832,16.04276395,6.7,17.2,12.1,1.6,2.3,8.4,8.9,0.122,0.429,6.2,0.8,0.6,1.5,-1.4,-2,7,PF
308,Javonte Green,26,BOS,468,10.90187929,5.8,16,11,2.8,1.8,7.7,15.3,0.137,0.564,5.1,1.3,0.4,1.4,2.1,2.9,6.9,SF
309,John Henson,29,CLE,412,13.89792923,8,22.1,14.8,1.9,7,15.2,16.1,0.135,0.539,9.4,2.4,0.5,0,1,0,6.9,PF
310,Chris Silva,23,MIA,346,9.809643836,19.8,20,19.9,1.3,5.5,9.9,17.1,0.238,0.651,8.1,2.1,0.4,0.8,4.9,4,6.9,PF
311,Grayson Allen,24,MEM,718,13.24283604,1.2,11.5,6.4,0.7,0.2,10,17.6,0.109,0.609,3.8,-1.2,0.1,1.1,0.3,0.3,6.8,SG
312,Isaiah Thomas,30,WAS,925,18.5107073,1.2,6.8,3.9,0.7,0.5,23.4,24.1,0.144,0.531,1.6,-5.6,-0.8,2,-2.5,-5,6.8,PG
313,Kent Bazemore,30,SAC,577,13.57724481,2.6,20.9,11.6,2.4,1.4,8,20.4,0.114,0.533,4,-3.2,-0.2,0.5,-0.8,-0.4,6.6,SG
314,Rodions Kurucs,21,BRK,684,12.56835185,4.3,17.1,11.1,2,0.7,10.4,14.7,0.192,0.555,4.6,0.3,0.4,0.9,0.3,0.3,6.4,PF
315,Vince Carter,43,ATL,876,15.27902109,2.3,13.4,7.8,1.4,2.7,7.7,16.6,0.094,0.47,3.2,-2,0,0.6,-4.2,-2.6,6.3,SF
316,Hamidou Diallo,21,OKC,896,15.8636214,5.6,15.2,10.4,2,1,5.9,18.4,0.136,0.491,1.5,-5,-0.7,1.7,-1.9,-3.3,6.3,SF
317,Luke Kornet,24,CHI,559,12.31027012,4.4,13,8.6,1,4,8.5,16.3,0.066,0.539,6.1,-2.4,-0.1,0.4,0.4,0.2,6.3,C
318,Rodney Hood,27,POR,619,11.04975245,1.8,10.9,6.4,1.3,0.6,7,13.9,0.094,0.625,5.6,0.2,0.3,1.2,1.2,1.4,6.2,SF
319,D'Angelo Russell,23,MIN,392,12.92829932,0.8,14.4,7.3,1.9,0.9,33.1,29.5,0.164,0.553,7.9,-0.8,0.1,0.3,-1.5,-0.5,6.2,PG
320,Rodney McGruder,28,LAC,871,13.13699367,3.5,14.2,9,1.4,0.8,5.3,10.6,0.109,0.477,2.7,-1.7,0.1,1.4,-0.6,-0.9,6.1,SG
321,Wilson Chandler,32,BRK,734,12.49221624,1.8,19,10.9,1.2,1.5,7.3,12.9,0.15,0.531,4.1,-0.2,0.3,1,-0.4,-0.4,6,SF
322,Willy Hernangómez,25,CHO,375,12.10881862,12,28.3,19.8,1.3,1.7,13.5,22.9,0.154,0.576,5.9,-2.9,-0.1,0.4,-0.2,-0.1,6,C
323,Chandler Hutchison,23,CHI,527,12.40479878,3.8,20,11.7,2.5,1.1,7.4,19.1,0.114,0.521,3.5,-5,-0.4,0.4,-1.3,-0.5,6,SF
324,JaKarr Sampson,26,IND,471,9.520065574,5,16,10.6,1.7,2.1,6.1,13.2,0.106,0.615,5,-0.6,0.2,1,2.5,2.4,6,SF
325,Anfernee Simons,20,POR,1449,21.22662032,1.9,9.6,5.7,0.9,0.6,9.2,18.7,0.096,0.502,1.3,-4.1,-0.8,2.7,-3.4,-9.2,6,SG
326,Malik Beasley,23,DEN,746,14.22493617,1.4,10.4,5.9,2.1,0.7,9.1,20.6,0.102,0.511,2.7,-2.8,-0.1,1.8,-1.4,-2.4,5.9,SG
327,Alec Burks,28,PHI,364,10.19930134,3.2,13.5,8.3,1.6,0,16.3,23.7,0.075,0.594,6.6,-0.5,0.1,0.7,2.3,1.6,5.9,SG
328,Isaiah Hartenstein,21,HOU,266,8.526787695,11.9,24.6,18.3,1.7,3.9,10,14.8,0.168,0.674,8.2,2.3,0.3,0.7,4.6,3.3,5.9,C
329,James Johnson,32,MIN,338,11.69651707,5,15.7,10.2,2.5,4.9,24.4,21.4,0.188,0.588,10.2,1.5,0.3,0.3,0.4,0.1,5.9,PF
330,Jeff Teague,31,ATL,519,12.50792608,2.6,8.9,5.8,1.9,1.1,27.3,18.3,0.175,0.512,3.3,-1.9,0,0.4,-2,-0.7,5.9,PG
331,Andrew Wiggins,24,GSW,403,12.19390058,4.5,10,7.2,1.8,3.5,18.2,25.4,0.104,0.542,8.3,-0.9,0.1,0.3,-1.2,-0.4,5.9,SG
332,Denzel Valentine,26,CHI,488,11.92409712,2,15.6,8.6,2.6,1.1,14.2,23.3,0.098,0.511,5.1,-3.4,-0.2,0.3,-1.8,-0.6,5.7,SF
333,Kent Bazemore,30,POR,1111,20.25987833,1.3,15.6,8.5,2,2.5,7.1,15.9,0.144,0.475,3.7,-1.7,0.1,2.1,-4.3,-9,5.6,SF
334,Andre Iguodala,36,MIA,418,10.51241438,4.6,15.3,10.2,1.6,4.5,16.9,12.7,0.216,0.507,6.4,0.4,0.3,1,0.6,0.6,5.6,SG
335,Shabazz Napier,28,WAS,488,12.41775,1.9,8.8,5.3,2.8,0.7,21.7,21.6,0.205,0.573,5.1,-2.1,0,1.1,-1.1,-1.2,5.6,PG
336,Malik Beasley,23,MIN,463,11.28435089,1.9,14.5,8,0.8,0.4,9.8,23.7,0.079,0.591,5.6,-3.1,-0.1,0.4,-0.6,-0.2,5.5,SG
337,Goga Bitadze,20,IND,471,11.98440165,6.2,19.1,12.8,1.1,6.6,6.7,17.9,0.145,0.523,3.7,-1.9,0,1,-0.9,-0.9,5.5,C
338,Gorgui Dieng,30,MEM,318,10.15260068,6.3,27,16.8,2.2,4.6,6.3,15.9,0.132,0.583,6.9,1.9,0.3,0.5,1.8,0.9,5.5,C
339,Matt Thomas,25,TOR,440,8.663538382,2.2,12.4,7.4,1.1,0.2,7.5,16.6,0.093,0.65,4.4,-3.5,-0.2,0.8,2.8,2.4,5.5,SG
340,J.J. Barea,35,DAL,450,12.05301237,2.5,10.3,6.5,0.6,0.4,37.1,24.2,0.149,0.512,2.3,-1.1,0.1,1.2,-1.1,-1.3,5.4,PG
341,Keldon Johnson,20,SAS,301,8.293260982,3.5,16.2,9.9,2.2,0.5,7.2,17.4,0.107,0.711,6.8,-0.1,0.1,0.6,4.5,2.6,5.4,SF
342,Jusuf Nurkić,25,POR,253,9.972302251,10,25.5,17.7,2.1,5.6,19.1,24,0.132,0.567,10.9,5.5,0.5,0.5,1.9,0.9,5.4,C
343,Yogi Ferrell,26,SAC,530,11.09525455,1.2,9.1,5.1,1.6,0.7,18.8,19.2,0.119,0.528,2.2,-5,-0.4,0.5,-1,-0.5,5.3,PG
344,Juan Hernangómez,24,MIN,411,10.34300585,4.6,21.9,12.9,1.5,0.8,6.4,17.1,0.082,0.576,5.9,-2.8,-0.1,0.3,0.6,0.2,5.3,PF
345,Noah Vonleh,24,MIN,347,9.848593979,9.8,25.7,17.4,1.4,1.5,10.8,13.9,0.162,0.605,5.9,-2.8,-0.1,0.3,1.8,0.5,5.2,C
346,Blake Griffin,30,DET,512,11.8832036,3.3,14.4,8.6,0.6,1.2,18,28.4,0.12,0.476,2.1,-5.4,-0.4,0.5,-3.7,-1.7,5.1,PF
347,Gary Payton II,27,WAS,432,10.69671352,6.2,13.8,9.9,3.6,1.4,14.8,13.4,0.143,0.473,7,-0.2,0.2,0.9,-0.5,-0.5,5.1,PG
348,Nicolas Batum,31,CHO,505,10.70159251,5.2,17.3,10.9,1.6,1.5,18.3,9.4,0.205,0.463,6.4,-2.4,-0.1,0.6,-1.2,-0.7,5,SF
349,Eric Gordon,31,HOU,1016,17.05025847,1,6.6,3.8,1.1,1.1,7.9,22.5,0.078,0.51,2.3,-3.6,-0.4,2.7,-2.6,-7,5,SG
350,Dewayne Dedmon,30,SAC,541,11.57715208,9.2,25,17,1.3,4.2,3.9,18.5,0.204,0.477,1,-6.2,-0.6,0.5,-3.8,-1.8,4.9,C
351,Drew Eubanks,22,SAS,272,8.219173891,10.9,21.8,16.4,0.9,5.1,7.7,15.8,0.211,0.682,6.2,-0.7,0.1,0.5,2.6,1.3,4.8,PF
352,Josh Jackson,22,MEM,381,10.1199337,3.2,15.5,9.4,2.3,2,13.1,22.8,0.134,0.547,5.2,0.2,0.2,0.6,-1,-0.6,4.8,SG
353,Alfonzo McKinnie,27,CLE,593,9.651954939,6.4,14.2,10.2,1.9,1.2,3.3,15.2,0.123,0.493,2.2,-4.8,-0.4,0,-3.1,0,4.8,SF
354,Reggie Bullock,28,NYK,684,10.83924953,1.9,8.5,5.1,1.7,0.4,8.8,15.6,0.075,0.502,4.2,-4.9,-0.5,0.8,-1.8,-1.4,4.7,SG
355,Luguentz Dort,20,OKC,820,9.882195259,3.3,7.7,5.5,1.9,0.5,4.6,14.1,0.084,0.506,3.4,-3.1,-0.2,1.6,-0.4,-0.6,4.6,SG
356,Thabo Sefolosha,35,HOU,436,9.754943716,5.3,17.7,11.6,2.7,2.4,7.5,10.4,0.137,0.487,5.7,-0.2,0.2,1.2,-0.5,-0.6,4.6,PF
357,Andre Drummond,26,CLE,225,8.920906352,11,32.1,21.1,2.6,4.4,10.8,28.7,0.192,0.573,6.4,-0.6,0.1,0,-1.3,0,4.5,C
358,Brandon Goodwin,24,ATL,430,9.732771654,2.8,15.7,9.3,1.5,0.9,18,22.4,0.125,0.507,3.4,-1.8,0,0.3,-2.7,-0.8,4.5,PG
359,Reggie Jackson,29,DET,381,9.718766046,2.9,8.7,5.7,0.9,0.2,30.8,27,0.098,0.492,4.1,-3.4,-0.1,0.4,-2.1,-0.7,4.5,PG
360,Marcus Morris,30,LAC,549,9.457937282,2.1,12.4,7.3,1.1,2.1,6.8,15.8,0.116,0.523,3.7,-0.7,0.2,0.9,-0.6,-0.5,4.5,PF
361,Willie Cauley-Stein,26,DAL,157,6.15374183,9.5,32.2,21.2,1.4,6.8,9.6,14.7,0.093,0.684,9.5,6.1,0.3,0.4,6.3,2.6,4.4,C
362,Džanan Musa,20,BRK,487,9.704129032,5.1,13.9,9.8,1.7,0.2,12.6,20.1,0.154,0.484,2.1,-2.2,0,0.6,-1.4,-0.9,4.4,SF
363,Nickeil Alexander-Walker,21,NOP,591,12.98294233,1.7,13.5,7.7,1.4,1.2,21.1,23.3,0.161,0.473,1.3,-4.1,-0.3,1,-4.2,-4.4,4.3,SG
364,Trey Burke,27,PHI,329,7.703231545,4.8,6.6,5.7,1.1,0.3,23.9,19.2,0.082,0.545,3.9,-3.2,-0.1,0.7,1.4,0.9,4.3,PG
365,Cristiano Felício,27,CHI,386,7.522924517,15.8,14.3,15,1.3,0.4,5.7,9.1,0.219,0.671,6.8,-1.7,0,0.3,3.8,1,4.3,PF
366,Reggie Jackson,29,LAC,362,7.905470125,1.7,12.6,7.3,0.7,1,21.3,19.1,0.169,0.587,3.9,-0.5,0.1,0.6,1.1,0.6,4.3,PG
367,Terance Mann,23,LAC,362,7.336910211,2.9,12.6,7.8,1.5,1.2,19.3,12.6,0.165,0.545,3.2,-1.2,0.1,0.6,2.1,1.2,4.3,SG
368,Dennis Smith Jr.,22,NYK,537,12.00872175,3.9,11.2,7.5,2.4,1.2,26.4,23.1,0.198,0.399,1.3,-7.8,-0.8,0.6,-6,-3.5,4.3,PG
369,D.J. Wilson,23,MIL,363,7.324444826,3.5,20.5,12.5,0.4,1.2,9.1,18.1,0.12,0.475,0,-4.7,-0.2,1.9,0.6,1.2,4.3,PF
370,James Ennis,29,ORL,489,8.946500536,5,15.9,10.4,1.2,1.4,6.5,15.6,0.153,0.566,4.7,-2.8,-0.1,0.5,-1,-0.5,4.2,SF
371,Otto Porter,26,CHI,331,8.316504609,4.3,12.4,8.3,2.3,1.5,11.9,21,0.068,0.55,7.3,-1.2,0.1,0.2,0.5,0.1,4.2,SF
372,Marvin Bagley III,20,SAC,334,8.765304694,9.4,22.7,16,0.8,3.1,4.9,25.8,0.091,0.512,0.6,-6.6,-0.4,0.3,-1.6,-0.5,4.1,PF
373,PJ Dozier,23,DEN,412,9.265164939,2.8,12.5,7.6,1.7,1.4,21.6,20.8,0.137,0.495,2.9,-2.6,-0.1,1,-1,-1,4.1,PG
374,Nassir Little,19,POR,573,9.737115755,5.9,14.7,10.3,1.1,2.2,5,13.7,0.081,0.505,2.8,-2.6,-0.1,1.1,-1.4,-1.5,4.1,PF
375,Victor Oladipo,27,IND,528,11.72147963,2,13.9,8.1,1.6,0.6,15.4,26.5,0.147,0.506,2.4,-3.2,-0.2,1.1,-3.2,-3.5,4.1,SG
376,Dante Exum,24,CLE,402,7.936246931,2.3,12.7,7.3,1.5,1.3,11.4,14.4,0.156,0.592,4.4,-2.6,-0.1,0,-0.6,0,4,SG
377,Frank Jackson,21,NOP,797,12.68669231,3,8.1,5.6,1.1,0.5,10.8,21.2,0.119,0.51,0.7,-4.7,-0.5,1.4,-3.2,-4.6,4,PG
378,Kelan Martin,24,MIN,495,9.055772298,2.4,18.4,10.1,0.6,1.6,6.8,17.8,0.093,0.506,1.7,-7,-0.6,0.4,-2.8,-1.1,4,SF
379,David Nwaba,27,BRK,268,6.41003861,3.5,14.4,9.3,2.3,4.1,4.3,14.2,0.088,0.627,7,2.7,0.3,0.4,4.5,1.6,4,SF
380,Anžejs Pasečņiks,24,WAS,437,8.215231204,10,16.4,13.1,1,2.3,5.7,15.8,0.145,0.551,3.1,-4.1,-0.2,1,-0.3,-0.3,4,C
381,Tyson Chandler,37,HOU,219,4.58270489,12.5,20.1,16.3,1.4,3.1,3.5,6,0.252,0.717,5.9,0,0.1,0.6,5.4,3.2,3.9,C
382,Wayne Ellington,32,NYK,558,9.16679724,0.7,11.6,6,1.1,0.6,11,15,0.091,0.509,3.7,-5.4,-0.5,0.6,-2.1,-1.3,3.9,SG
383,Jake Layman,25,MIN,505,8.604054692,3.4,8.6,5.9,1.5,1.7,4.4,17.7,0.111,0.544,3.3,-5.4,-0.4,0.4,-2.4,-0.9,3.9,PF
384,Alex Len,26,SAC,225,7.285458309,15,29.8,22.3,0.6,5.8,5.2,16.5,0.187,0.64,5.4,-1.8,0,0.2,2.6,0.5,3.9,C
385,Jerome Robinson,22,WAS,503,9.521735738,1.6,13.4,7.3,1.4,1.5,11.3,17.7,0.108,0.516,3.9,-3.3,-0.2,1.1,-1.6,-1.8,3.9,SG
386,Chris Chiozza,24,BRK,278,7.208547135,3.8,10.9,7.6,2.2,0.7,29.5,19.7,0.175,0.531,5.6,1.3,0.2,0.4,1.2,0.4,3.8,PG
387,Quinn Cook,26,LAL,508,9.226139535,2.2,8.5,5.3,1.1,0.3,13.8,21,0.13,0.509,0,-6.2,-0.5,0.7,-2.3,-1.6,3.8,PG
388,John Konchar,23,MEM,181,5.755598733,11,17.2,14.1,1.9,1.4,16.2,10.3,0.156,0.713,9.5,4.5,0.3,0.3,6.3,1.7,3.7,SG
389,Glenn Robinson III,26,PHI,270,5.75596101,5.9,11.7,8.8,1.7,0.7,5.9,15.2,0.052,0.598,5.5,-1.6,0,0.5,2.9,1.6,3.7,SF
390,Marko Guduric,24,MEM,484,9.357668962,3.2,13.1,8.2,1.2,1.4,12.3,17.6,0.176,0.514,2.1,-2.9,-0.1,0.7,-2.9,-2.1,3.6,SG
391,Courtney Lee,34,DAL,345,6.067349318,2.3,7.8,5.1,2.9,1.7,4.7,11.9,0.114,0.629,6.3,2.9,0.4,0.9,1.3,1.2,3.6,SG
392,Gary Clark,25,ORL,355,6.583887414,7.8,13.3,10.6,0.5,3.5,1.9,10.1,0.096,0.571,4.9,-2.6,-0.1,0.4,1.2,0.5,3.5,PF
393,Jared Dudley,34,LAL,364,5.895053876,1.7,13.7,7.5,2,0.7,9.5,8,0.116,0.558,4.4,-1.8,0,0.5,2.1,1.1,3.5,SF
394,Tim Frazier,29,DET,355,8.003732211,2.6,7.5,4.9,1.7,1,36.5,17.3,0.256,0.464,-0.4,-7.9,-0.5,0.3,-3,-1,3.5,PG
395,Edmond Sumner,24,IND,447,8.73378444,2.9,8.7,5.9,1.7,1.7,16.7,17.3,0.124,0.491,3,-2.6,-0.1,0.9,-1.8,-1.7,3.5,PG
396,Allen Crabbe,27,ATL,522,7.918160237,2.1,11.6,6.9,1.5,0.7,7.3,12.7,0.075,0.482,3.7,-1.5,0.1,0.4,-3.1,-1.1,3.4,SG
397,Ed Davis,30,UTA,303,6.197315951,12.4,24.1,18.3,1.7,2.6,5.2,9.4,0.2,0.489,4.1,-3,-0.1,0.9,0.8,0.7,3.4,C
398,Sekou Doumbouya,19,DET,754,10.1728823,2.7,14.3,8.2,1.2,1,3.6,16.9,0.12,0.474,0.1,-7.4,-1,0.7,-5,-3.4,3.4,SF
399,Treveon Graham,26,MIN,663,8.53740276,4.4,11.6,7.9,1.1,0.3,6.1,13.1,0.09,0.447,2.3,-6.4,-0.7,0.5,-3.9,-2,3.3,SG
400,James Johnson,32,MIA,281,6.309576642,3.2,16.4,10.1,1.1,4.2,11.1,17,0.139,0.547,4.7,-1.3,0,0.7,0.5,0.3,3.3,PF
401,Anthony Tolliver,34,POR,554,8.714913848,5.3,16.4,10.9,0.7,1.4,6.6,11.2,0.143,0.515,3.7,-1.7,0,1,-2.1,-2.2,3.3,PF
402,Al-Farouq Aminu,29,ORL,380,8.028077764,6.7,17.8,12.3,2.3,1.8,7.4,13.2,0.147,0.395,4.2,-3.3,-0.1,0.4,-4,-1.7,3.2,PF
403,Jordan Bell,25,MIN,235,6.51762287,11.9,23.1,17.3,0.4,3.7,8.6,15.9,0.198,0.57,3.8,-4.9,-0.2,0.2,-0.8,-0.1,3.2,C
404,Dewayne Dedmon,30,ATL,233,6.855314442,6.7,32.2,19.5,2.3,6.1,4.3,17.4,0.103,0.463,4.7,-0.5,0.1,0.2,-2.2,-0.4,3.2,C
405,Jeff Green,33,UTA,553,9.683089799,2.7,12.6,7.8,1,1.6,5.2,19.7,0.108,0.523,1.2,-5.9,-0.5,1.6,-2.1,-3.3,3.2,PF
406,Frank Mason III,25,MIL,118,3.806637483,4.5,11.1,8,2,0.7,35,24.3,0.158,0.53,5.1,0.4,0.1,0.6,4,2.5,3.2,PG
407,Dwayne Bacon,24,CHO,687,11.11400269,2.3,14.4,8,1.6,0.3,11.7,19.5,0.122,0.419,0.1,-8.7,-1.2,0.8,-6.4,-5,3.1,SG
408,Troy Daniels,28,LAL,456,6.476928745,2.7,8.1,5.3,0.8,0.6,4.1,16.1,0.052,0.527,1.6,-4.6,-0.3,0.6,-0.5,-0.3,3.1,SG
409,Caleb Martin,24,CHO,317,6.246857143,3.3,10.3,6.6,1.9,2.1,11.1,15,0.139,0.595,6.1,-2.7,-0.1,0.4,-0.3,-0.1,3.1,SF
410,Johnathan Williams,24,WAS,180,4.811637462,13.8,24.5,19,0.3,3.7,5.9,10.3,0.112,0.566,5.1,-2.1,0,0.4,3.3,1.3,3.1,C
411,Gary Clark,25,HOU,212,4.378608247,5.7,14.7,10.2,0.5,2.8,7.7,12.5,0.031,0.564,5.9,0,0.1,0.6,2.8,1.6,3,PF
412,Garrison Mathews,23,WAS,227,3.938877114,2.7,8.7,5.6,1.7,0.4,5.8,14.5,0.101,0.691,6.3,-0.9,0.1,0.5,4.2,2.1,3,SG
413,John Henson,29,DET,188,5.640671368,7.5,19.9,13.4,1.9,4.8,9.3,16.7,0.209,0.67,7.4,-0.1,0.1,0.2,0.9,0.2,2.9,PF
414,Ante Žižić,23,CLE,221,5.781678447,8.4,24.1,15.9,1.5,2,4.2,17.5,0.111,0.597,2.4,-4.6,-0.1,0,0.8,0,2.9,C
415,Nicolas Claxton,20,BRK,187,4.754012579,12,13.9,13,0.3,3.9,12.4,14.8,0.136,0.577,6.5,2.2,0.2,0.2,3.2,0.8,2.8,PF
416,Chris Clemons,22,HOU,291,6.590509398,1.5,9.6,5.6,1.5,1.8,14.3,23.6,0.115,0.548,3.4,-2.5,0,0.8,-1.2,-1,2.8,SG
417,Tyler Johnson,27,PHO,515,8.639816728,2,8.8,5.4,1.1,1.3,13.3,17.3,0.115,0.481,1.6,-4.3,-0.3,1.1,-2.8,-3,2.8,SG
418,Cameron Payne,25,PHO,183,5.017712999,2.3,15.9,9,2.1,0.9,19.5,19.1,0.134,0.612,6.9,1,0.1,0.4,1.5,0.6,2.8,PG
419,Norvel Pelle,26,PHI,232,6.295778434,9.2,24.5,16.7,0.6,12,4.6,13.4,0.249,0.526,5.2,-1.9,0,0.5,-1.5,-0.7,2.8,C
420,Allonzo Trier,24,NYK,291,5.718461736,2.1,8.4,5.1,0.5,1.1,14.8,21.4,0.15,0.62,3.6,-5.5,-0.3,0.3,-0.4,-0.1,2.8,PG
421,Justise Winslow,23,MIA,352,7.286850653,5.2,17,11.3,1,1.3,18.7,20.6,0.146,0.44,2.4,-3.6,-0.1,0.8,-2,-1.7,2.8,SF
422,Trey Burke,27,DAL,191,5.002524182,0.6,7.9,4.4,2.6,0.5,23.2,21.4,0.094,0.553,5.2,1.8,0.2,0.5,0.6,0.3,2.7,PG
423,Tyler Johnson,27,BRK,194,4.51257064,4.9,8.6,6.8,1.1,0.5,18.6,19.8,0.054,0.552,6.4,2.1,0.2,0.3,3.4,0.9,2.7,SG
424,T.J. Leaf,22,IND,222,5.944766982,12.1,24,18.2,2.3,1.5,5.7,20,0.079,0.451,1.4,-4.2,-0.1,0.5,-1.3,-0.6,2.7,PF
425,Theo Pinson,24,BRK,365,7.529338929,3.2,12.6,8.2,2.6,1,21.7,22.3,0.169,0.37,0.9,-3.4,-0.1,0.5,-4.5,-2.2,2.7,SG
426,Stephen Curry,31,GSW,139,5.303068493,2.9,17.3,9.8,1.6,1.2,42.3,33.6,0.146,0.557,12.5,3.3,0.2,0.1,-0.7,-0.1,2.6,PG
427,Jalen McDaniels,22,CHO,293,5.384656686,5.4,19.9,12.3,1.3,1,6.8,13.3,0.124,0.574,4.5,-4.3,-0.2,0.3,-0.5,-0.2,2.6,PF
428,Juan Toscano-Anderson,26,GSW,272,5.836429448,3.4,17.3,10.1,2.1,1.5,13.8,12.7,0.197,0.529,5.5,-3.7,-0.1,0.2,-2.8,-0.6,2.6,SF
429,Ryan Broekhoff,29,DAL,180,4.576603967,3.2,22.7,13.3,1.5,2.2,8.3,16.3,0.088,0.568,5.4,2,0.2,0.5,1,0.5,2.5,SG
430,Maurice Harkless,26,NYK,286,4.916530825,2.8,11.8,7.2,1.5,0.9,9.7,12.4,0.084,0.536,5.3,-3.8,-0.1,0.3,0.1,0,2.5,SF
431,Kevon Looney,23,GSW,262,5.785294732,10.9,15.8,13.3,2,1.9,11.1,15.7,0.125,0.403,4,-5.2,-0.2,0.2,-3.6,-0.7,2.5,C
432,Bruno Caboclo,24,MEM,192,5.245287827,9.8,15.1,12.5,2.6,5.3,7.1,16.8,0.091,0.441,5.5,0.5,0.1,0.3,-1.7,-0.5,2.4,C
433,Zach Collins,22,POR,290,5.129997763,9.5,16.6,13,0.8,1.5,7.2,12.5,0.164,0.538,4.7,-0.7,0.1,0.5,-1.1,-0.6,2.3,PF
434,Justin James,23,SAC,232,5.115056199,2.8,12.5,7.6,1.2,3.4,11.2,18.9,0.079,0.477,1.8,-5.4,-0.2,0.2,-2.5,-0.5,2.3,SG
435,Ty Jerome,22,PHO,328,6.861422193,2.2,12.8,7.4,2.2,0.8,18.2,17.9,0.13,0.425,1.4,-4.5,-0.2,0.7,-3.5,-2.3,2.3,PG
436,Derrick Walton,24,LAC,222,2.851251251,0.9,6,3.5,0.9,0,12.6,8.3,0.091,0.626,2.5,-1.9,0,0.4,5,1.8,2.3,PG
437,Juan Hernangómez,24,DEN,422,7.092396694,6.5,19.2,12.8,0.6,1.1,6.7,14.3,0.129,0.442,1,-4.5,-0.3,1,-2.7,-2.7,2.2,PF
438,Brandon Knight,28,DET,221,4.725163121,0.5,10,5,1,0.4,25.6,22.2,0.196,0.576,3.7,-3.8,-0.1,0.2,-2,-0.4,2.2,PG
439,Thanasis Antetokounmpo,27,MIL,129,3.022483057,9.8,8.7,9.2,2.5,1.4,16.3,21.6,0.178,0.496,2.8,-1.9,0,0.7,1.8,1.2,2.1,SF
440,Dragan Bender,22,GSW,195,4.694221519,8.3,20.7,14.3,0.9,1.7,15.2,20.1,0.174,0.534,5.6,-3.6,-0.1,0.1,-2.6,-0.4,2.1,SF
441,DeMarre Carroll,33,HOU,155,3.561357326,3.5,13.2,8.4,1.9,1.7,12.2,14.3,0.13,0.578,5.7,-0.2,0.1,0.4,1.4,0.6,2.1,PF
442,Jacob Evans,22,GSW,414,6.196079034,2.2,8.4,5.2,1.2,2.4,10.9,17.6,0.146,0.439,0.5,-8.7,-0.7,0.3,-6.2,-2,2.1,SG
443,Chimezie Metu,22,SAS,105,3.993891031,12.1,20.8,16.5,1.3,4.6,14.9,23.7,0.173,0.608,6.2,-0.7,0,0.2,1.2,0.2,2.1,PF
444,Markieff Morris,30,LAL,199,4.088754886,8.1,15.8,11.8,1.2,2.6,5.4,16.5,0.077,0.516,4,-2.2,0,0.3,0.8,0.2,2.1,PF
445,Evan Turner,31,ATL,251,5.354847458,3.5,13.2,8.4,1.9,3,20.6,16.4,0.262,0.424,1.3,-3.9,-0.1,0.2,-6,-1.1,2.1,PG
446,Jeremiah Martin,23,BRK,99,3.584719405,1.2,9.5,5.6,3.9,1.9,30.8,26.7,0.063,0.541,9.1,4.8,0.2,0.1,3.5,0.5,2,PG
447,Vincent Poirier,26,BOS,130,3.404286592,11.4,25.1,18.4,0.8,7.3,8.5,15.4,0.17,0.525,4.9,1.1,0.1,0.4,1.6,0.6,2,C
448,Jerome Robinson,22,LAC,476,6.982067055,1.1,11.7,6.5,1.3,1.5,12.6,15,0.153,0.423,0.2,-4.2,-0.3,0.8,-3.6,-2.9,2,SG
449,Treveon Graham,26,ATL,266,4.155796178,9.2,11.6,10.4,1.4,1.4,7.6,13.3,0.117,0.478,4.4,-0.8,0.1,0.2,-2.3,-0.4,1.9,SG
450,Brandon Knight,28,CLE,241,3.580880942,1.3,7.8,4.4,1,0.7,18,19.1,0.149,0.431,0.1,-6.9,-0.3,0,-6.1,0,1.8,PG
451,Caleb Swanigan,22,POR,265,5.095612903,10.4,28.1,19.2,0.4,1.7,14.1,12.9,0.385,0.605,2.9,-2.5,0,0.5,-3,-1.5,1.8,PF
452,Anthony Tolliver,34,MEM,236,3.716236025,2.3,12.7,7.6,1.5,0.4,5.3,10.7,0.149,0.602,4.5,-0.5,0.1,0.4,-0.4,-0.2,1.8,PF
453,Dragan Bender,22,MIL,91,1.865734767,0,20.5,10.9,0,4.8,12.5,12.4,0.183,0.582,3.3,-1.4,0,0.5,3.2,1.5,1.7,SF
454,Alize Johnson,23,IND,118,3.256215569,15.8,30.1,23.1,1.3,1.4,7.7,15,0.173,0.509,3.4,-2.2,0,0.2,0.7,0.2,1.7,SF
455,Stanley Johnson,23,TOR,150,4.026248334,5.1,21,13.2,1.9,2.2,19.4,23.1,0.185,0.454,1.9,-6,-0.2,0.3,-2.2,-0.6,1.7,PF
456,Jabari Parker,24,SAC,80,3.085801802,9.5,22.3,15.8,1.8,1.1,21.5,23.8,0.091,0.638,10,2.8,0.1,0.1,4,0.3,1.7,PF
457,Carsen Edwards,21,BOS,351,5.803403931,1.9,12.7,7.4,1.9,1.2,9.3,18.4,0.099,0.444,1.1,-2.7,-0.1,1.1,-2.5,-2.7,1.6,SG
458,Terrance Ferguson,21,OKC,1257,8.682769231,2.1,4.5,3.3,1.1,1.3,5.3,9.1,0.119,0.481,3.6,-2.9,-0.3,2.4,-2.2,-5.4,1.6,SF
459,Wenyen Gabriel,22,POR,174,3.223254686,10.7,15.7,13.2,2.2,2.5,3.6,11.5,0.233,0.606,5,-0.4,0.1,0.3,0.1,0,1.6,PF
460,Alen Smailagić,19,GSW,139,3.35561952,7.3,13.4,10.2,1,2.4,14.3,18.2,0.185,0.61,5.3,-3.9,-0.1,0.1,-0.6,-0.1,1.6,PF
461,Donta Hall,22,BRK,85,2.31956701,11.1,18.4,15,1.3,5.4,3.5,12.9,0.114,0.709,7.7,3.4,0.1,0.1,6.5,0.7,1.5,PF
462,Solomon Hill,28,MIA,187,3.650751729,3.1,9,6.1,3.2,2.4,7.3,14.8,0.174,0.471,3.9,-2.1,0,0.4,-1.6,-0.7,1.5,SF
463,C.J. Miles,32,WAS,161,3.464259587,2.6,5.5,4,2.9,2.1,10,18.6,0.056,0.472,4.5,-2.7,0,0.4,-1.2,-0.4,1.5,SG
464,Kadeem Allen,27,NYK,117,2.955751024,1.7,6.3,3.9,2,1.4,27,20.6,0.141,0.512,2.8,-6.3,-0.1,0.1,-1.6,-0.2,1.4,SG
465,Admiral Schofield,22,WAS,368,4.304032454,2,12,6.8,1,0.9,5.3,11.9,0.066,0.502,2.2,-5,-0.3,0.8,-1.8,-1.5,1.4,SF
466,Paul Watson,25,TOR,70,2.057108014,3.1,19.5,11.5,2,1.2,10.3,15.9,0.116,0.675,6.4,-1.5,0,0.1,5.1,0.7,1.4,SF
467,Bruno Caboclo,24,HOU,52,2.220579505,12.6,20.6,16.7,4.7,8.2,5.9,22.8,0.209,0.618,9.9,4,0.1,0.1,2.1,0.3,1.3,C
468,Chris Chiozza,24,WAS,123,3.428823529,0,13.5,6.5,3.8,1.4,29.2,14.5,0.209,0.397,2.8,-4.4,-0.1,0.3,-3.1,-0.8,1.3,PG
469,Jaylen Hoard,20,POR,103,2.501641569,14.9,19.1,17,2.4,0,5.3,17.2,0.096,0.504,2.7,-2.7,0,0.2,0,0,1.3,SF
470,Juwan Morgan,22,UTA,134,2.045717579,8,14.8,11.5,0.4,1.3,6.2,11,0.178,0.648,3,-4.1,-0.1,0.4,1.6,0.6,1.3,PF
471,Jaylen Nowell,20,MIN,151,2.758404762,2,7.2,4.5,0.9,0.6,17.8,17.3,0.047,0.471,1.5,-7.2,-0.2,0.1,-1.6,-0.2,1.3,SG
472,Iman Shumpert,29,BRK,241,3.66140966,4.4,10.8,7.8,2.7,0.8,6.7,13.4,0.13,0.403,3.3,-1,0.1,0.3,-3.2,-1,1.3,SG
473,Dion Waiters,28,LAL,165,3.165389305,1.2,7.2,4.1,1.2,2.1,14.9,23.8,0.14,0.518,1.1,-5.1,-0.1,0.2,-2.2,-0.5,1.3,SG
474,DaQuan Jeffries,22,SAC,141,2.21660788,2.3,11.9,7,1.3,0.6,7.1,13.7,0.045,0.586,3.7,-3.5,-0.1,0.1,1.6,0.2,1.2,SG
475,Keita Bates-Diop,24,DEN,98,1.981061728,4.6,15.2,9.9,1,3.8,0,15.7,0.085,0.571,-0.6,-6.1,-0.1,0.2,0.9,0.2,1.1,SF
476,Bol Bol,20,DEN,87,2.379654321,6.5,18.4,12.5,1.2,6.4,9.8,21.2,0.236,0.617,4.9,-0.6,0,0.2,-0.3,-0.1,1.1,SF
477,Amir Coffey,22,LAC,159,2.471439837,2.6,7.7,5.2,1.5,1.1,12.3,17.6,0.12,0.493,0.7,-3.7,-0.1,0.3,-1.2,-0.3,1.1,SG
478,Tacko Fall,24,BOS,33,1.670600522,3.4,46.1,25.2,1.7,12.8,5.8,23.7,0.164,0.751,8.1,4.3,0.1,0.1,5.3,0.5,1.1,C
479,Malcolm Miller,26,TOR,162,2.141382534,1.3,9.1,5.3,1.4,1,8.9,9.6,0.11,0.538,2.9,-5,-0.1,0.3,0.5,0.1,1.1,SF
480,Johnathan Motley,24,LAC,41,1.747256637,7.7,17.3,12.6,3.5,0,32.9,23.5,0.217,0.774,11.5,7.1,0.1,0.1,6.5,0.4,1.1,PF
481,Mychal Mulder,25,GSW,204,2.584564471,1.5,10.7,5.9,0.4,0.4,5.8,16.2,0.065,0.533,3.4,-5.8,-0.2,0.2,-2.8,-0.4,1.1,SG
482,Yuta Watanabe,25,MEM,105,2.230831557,7.4,13.3,10.4,2.3,0.8,6.4,15.7,0.051,0.48,2.8,-2.2,0,0.2,-0.9,-0.1,1.1,SG
483,Melvin Frazier,23,ORL,126,2.234854586,1.7,6.8,4.3,3.5,1.3,3.4,14,0.123,0.559,4.3,-3.2,0,0.1,-1.6,-0.2,1,SG
484,Mfiondu Kabengele,22,LAC,64,1.719578947,1.6,15.9,8.9,1.5,2.7,4.9,23.7,0.055,0.614,4,-0.4,0,0.1,3.2,0.3,1,C
485,Dean Wade,23,CLE,71,1.907238095,4.3,25,14.3,1.4,5.1,4,9.9,0.182,0.744,5.7,-1.3,0,0,2.3,0,1,PF
486,Talen Horton-Tucker,19,LAL,81,1.863959698,2.5,6.7,4.5,4.8,1.1,10.5,19.7,0.159,0.535,4.9,-1.3,0,0.1,-1.2,-0.1,0.9,SG
487,Romeo Langford,20,BOS,370,4.279648352,4.6,7.6,6.2,1.2,2.3,4.5,11.8,0.108,0.434,1.6,-2.2,0,1.1,-2.3,-2.5,0.9,SG
488,Jordan McRae,28,DEN,32,0.968762887,3.6,14.3,8.9,3.1,2.9,15.6,10.5,0,0.58,9.4,3.9,0,0.1,8.1,0.6,0.8,SG
489,Miye Oni,22,UTA,109,1.972374269,4.9,11.5,8.3,1.7,1.6,5.1,15.3,0.105,0.512,2.6,-4.5,-0.1,0.3,-1.4,-0.4,0.8,SG
490,Rayjon Tucker,22,UTA,161,2.227289157,2,11,6.6,0.3,0.5,4.4,16.6,0.131,0.584,-0.7,-7.8,-0.2,0.5,-1.2,-0.6,0.8,SG
491,Oshae Brissett,21,TOR,135,1.945722772,7.3,13.2,10.3,1.4,0.6,7,15,0.148,0.458,0.8,-7.1,-0.2,0.3,-1.8,-0.5,0.7,SF
492,Deonte Burton,26,OKC,356,5.325283318,2.2,15.5,9,1,2.7,6.8,18.5,0.127,0.396,-1.9,-8.4,-0.6,0.7,-5.7,-3.9,0.7,SG
493,Amile Jefferson,26,ORL,74,1.647214286,14.4,18.9,16.7,0.7,3.4,7.2,13.5,0.13,0.372,1.6,-5.9,-0.1,0.1,-3,-0.2,0.7,PF
494,Michael Kidd-Gilchrist,26,CHO,160,2.448988764,5.9,19,12.1,0,1.8,9.5,17.6,0.109,0.421,-0.1,-8.9,-0.3,0.2,-5.3,-1,0.7,PF
495,Tyrone Wallace,25,ATL,160,2.257600622,2.1,13.1,7.6,2.3,0.6,10.9,16,0.163,0.389,0,-5.2,-0.1,0.1,-6.8,-0.8,0.7,SG
496,Justin Anderson,26,BRK,107,1.922366197,1.1,19.5,10.9,0,5.1,10.1,17.1,0.091,0.352,0.4,-3.9,-0.1,0.1,-4.7,-0.7,0.6,SF
497,Jarrell Brantley,23,UTA,96,2.418891967,2.2,19.5,11,1.5,4.5,15.8,16.3,0.195,0.416,2.1,-5,-0.1,0.3,-4.5,-1.2,0.6,PF
498,Adam Mokoka,21,CHI,112,1.128172043,6.9,3.1,5.1,1.8,0,5,12.1,0.063,0.538,4.3,-4.2,-0.1,0.1,0.1,0,0.6,SG
499,Joakim Noah,34,LAC,50,1.168277778,10.5,22.4,16.5,1,1.7,17.9,14.7,0.342,0.608,3.5,-0.9,0,0.1,0.8,0.1,0.6,C
500,Dion Waiters,28,MIA,42,1.221040847,0,27.4,14.3,0,4.3,12.5,30.9,0.102,0.53,1.5,-4.5,0,0.1,-1.4,-0.1,0.6,SG
501,Tyler Cook,22,CLE,35,1.031202532,11.7,19,15.2,1.4,0,4.5,16.7,0.073,0.752,5.7,-1.3,0,0,6.9,0,0.5,PF
502,Wenyen Gabriel,22,SAC,61,1.117383178,7.1,11,9,2.3,2.9,6.6,18.8,0.189,0.444,1,-6.2,-0.1,0.1,-4.5,-0.2,0.5,PF
503,KZ Okpala,20,MIA,26,0.706666667,4.4,16.1,10.5,3.8,3.5,5.5,11.7,0.145,0.595,6.3,0.3,0,0.1,3,0.2,0.5,SF
504,Andre Roberson,28,OKC,87,1.683737617,9.1,25.4,17.4,0.6,3.3,6.3,16.1,0.063,0.335,-0.2,-6.7,-0.1,0.2,-3.9,-0.7,0.5,SG
505,Sindarius Thornwell,25,NOP,35,0.913253918,0,12.1,6.2,1.4,2.6,16.1,17.3,0.136,0.627,4.4,-1,0,0.1,0.3,0,0.5,SG
506,Jarrod Uthoff,26,WAS,39,0.609090909,2.7,11.3,6.9,0,0,0,11.7,0,0.682,0,-7.2,-0.1,0.1,3.8,0.3,0.5,SF
507,Noah Vonleh,24,DEN,30,0.69956701,11.4,19.1,15.2,0,0,9.5,14.1,0.205,0.838,5.4,-0.1,0,0.1,5.1,0.4,0.5,PF
508,Charlie Brown,22,ATL,40,0.929358491,5.5,5.5,5.5,2.6,4.8,7.3,25.1,0.124,0.472,2,-3.2,0,0,-3.9,-0.1,0.4,SG
509,Vlatko Čančar,22,DEN,45,0.844868735,12.6,12.7,12.7,1.1,2.1,9.1,19.1,0.152,0.507,2.8,-2.7,0,0.1,-0.5,-0.1,0.4,SF
510,DeMarre Carroll,33,SAS,135,2.004190476,5.5,18.5,12,0.7,1.2,10.1,15.3,0.209,0.437,-0.2,-7.1,-0.2,0.3,-5,-1.3,0.4,SF
511,Donta Hall,22,DET,48,0.748433735,12.6,20.7,16.4,0.9,1.9,5.3,7.9,0.231,0.452,3,-4.5,0,0,-0.2,0,0.4,PF
512,Dewan Hernandez,23,TOR,28,0.853975309,19.5,33.8,26.8,1.7,0,16.4,29.3,0.156,0.432,0.7,-7.2,0,0.1,-0.8,0,0.4,C
513,B.J. Johnson,24,ORL,83,1.394505495,3.9,15.6,9.7,1.8,0,5.1,22.1,0.142,0.412,-3.8,-11.3,-0.2,0.1,-6.1,-0.6,0.4,SF
514,Jordan McRae,28,DET,98,1.378648443,0,16.9,8.1,0,0,10.7,25.7,0.087,0.446,-3.5,-11,-0.2,0.1,-5.1,-0.5,0.4,SG
515,Jeremy Pargo,33,GSW,44,0.821040998,2.3,5,3.6,1,0,33.2,25.7,0.151,0.557,1.7,-7.5,-0.1,0,-3.2,-0.1,0.4,PG
516,Chandler Parsons,31,ATL,54,1.093777778,2.1,12.3,7.2,3.9,1.8,7.5,16.1,0.143,0.389,3.2,-2,0,0,-6.8,-0.3,0.4,SF
517,Luka Šamanić,20,SAS,48,1.048288288,2.2,19.5,10.9,0,3.4,16.3,17.8,0.101,0.45,1.7,-5.2,0,0.1,-3,-0.3,0.4,PF
518,Kostas Antetokounmpo,22,LAL,20,0.39657732,10.1,5.4,7.9,0,0,13.7,10.3,0.205,0.902,5.4,-0.8,0,0,7.6,0.2,0.3,PF
519,Jonah Bolden,24,PHO,33,0.705081081,9.5,16.3,12.9,2.9,5.2,0,11.4,0,0.338,0.3,-5.6,0,0.1,-1.9,-0.1,0.3,PF
520,Corey Brewer,33,SAC,33,0.717984962,6.6,20.3,13.3,5.7,0,7.7,9.6,0.273,0.47,6.5,-0.7,0,0,-2.1,-0.1,0.3,SG
521,Devon Hall,24,OKC,81,1.514663484,2.8,6.8,4.8,2.4,1.2,21.3,20.9,0.13,0.298,-2.4,-8.9,-0.1,0.2,-6.4,-1,0.3,SG
522,Udonis Haslem,39,MIA,44,0.773705329,2.6,35.7,19.9,0,0,3.2,13.8,0.073,0.47,-4.2,-10.2,-0.1,0.1,-0.8,-0.1,0.3,PF
523,Kevin Hervey,23,OKC,52,1.170074074,2.2,23.4,12.9,0.9,1.8,13.9,22.8,0,0.315,-1.5,-8,-0.1,0.1,-5.3,-0.5,0.3,PF
524,Louis King,20,DET,62,0.898422939,1.6,16,8.5,1.4,0,11.8,17.1,0.082,0.448,0.3,-7.2,-0.1,0.1,-4,-0.2,0.3,SF
525,Josh Magette,30,ORL,38,0.889360202,2.8,14.2,8.5,3.8,2.2,19.2,23.7,0.239,0.378,-0.5,-8,-0.1,0,-6.9,-0.3,0.3,PG
526,Eric Mika,25,SAC,19,0.32156701,11.4,29.4,20.3,0,0,0,8.9,0,0.773,-1.8,-9,0,0,12.1,0.2,0.3,PF
527,Naz Mitrou-Long,26,IND,47,1.086588235,0,16.5,8.5,1.1,1.8,22.8,18.7,0.15,0.412,0.8,-4.8,0,0.1,-4.4,-0.4,0.3,SG
528,Matt Mooney,22,CLE,19,0.544,0,17.5,8.4,5.1,4.7,6.7,9,0,0.25,5.7,-1.3,0,0,-7,0,0.3,SG
529,Shamorie Ponds,21,TOR,11,0.483510204,0,9.5,4.9,0,7.6,32.4,22.8,0,0.765,13.8,5.9,0,0,11.8,0.2,0.3,PG
530,Chasson Randle,26,GSW,40,0.591301205,0,5.5,2.6,2.2,0,15.7,7.1,0,0.377,1.6,-7.6,-0.1,0,-0.6,0,0.3,PG
531,Justin Robinson,22,WAS,49,0.861666667,2.1,9,5.5,0,1.7,18.8,12.7,0.2,0.542,0.2,-7,-0.1,0.1,-2.1,-0.2,0.3,PG
532,Derrick Walton,24,DET,26,0.648,0,4.2,2,5.1,0,24.8,6.7,0.25,0.5,3.4,-4.1,0,0,2,0,0.3,PG
533,Tremont Waters,22,BOS,119,2.465291698,0,11,5.6,4.6,1.8,18.3,24.2,0.222,0.381,-0.3,-4.1,-0.1,0.4,-5.3,-1.9,0.3,PG
534,Nigel Williams-Goss,25,UTA,50,1.000227488,4.3,8.3,6.4,2.9,1.7,16.4,17.4,0.151,0.415,1.6,-5.5,0,0.1,-3.5,-0.5,0.3,PG
535,Ryan Anderson,31,HOU,14,0.567428571,0,53.7,27.1,3.5,0,20.4,23.7,0.125,0.357,1.7,-4.2,0,0,-4,-0.1,0.2,C
536,Jordan Bell,25,MEM,21,0.437807107,10.5,5.1,7.8,2.3,0,12.9,21.6,0.276,0.635,3.7,-1.3,0,0,-2,-0.1,0.2,PF
537,Moses Brown,20,POR,33,0.750994083,10,36.4,23.2,1.5,2.7,4,21.2,0.182,0.407,-5.6,-11,-0.1,0.1,-5.4,-0.3,0.2,C
538,Devontae Cacok,23,LAL,9,0.42,22.5,36.2,29.1,0,0,20.3,28.1,0,0.5,6.5,0.3,0,0,3,0,0.2,C
539,Zylan Cheatham,24,NOP,51,0.612,6.5,12.5,9.5,1,1.8,7.7,10.4,0.308,0.667,3.2,-2.2,0,0.1,-2.3,-0.2,0.2,SF
540,Tyler Cook,22,DEN,19,0.423111111,12,12,12,5.3,0,0,11.2,0.41,0.694,2.3,-3.2,0,0,-0.4,0,0.2,PF
541,Jamal Crawford,39,BRK,6,0.265,0,0,0,0,0,100.3,27.9,0,0.625,2.7,-1.6,0,0,9,0.1,0.2,SG
542,Jerian Grant,27,WAS,80,0.992707447,2.6,5.5,4,0.6,1,15.3,17.2,0.091,0.449,-0.7,-7.9,-0.1,0.2,-3.3,-0.6,0.2,PG
543,Vic Law,24,ORL,62,0.846023256,3.4,15.6,9.5,1.6,0,6.7,15.8,0.088,0.363,-1.4,-8.9,-0.1,0.1,-6.5,-0.4,0.2,SF
544,Zach Norvell,22,GSW,36,0.554825175,0,15.2,7.3,2.5,0,11.7,17.1,0.208,0.437,0.4,-8.8,-0.1,0,-7.1,-0.2,0.2,SG
545,Lance Thomas,31,BRK,98,0.769266559,2.4,11.7,7.3,0,0,8.2,13.1,0.195,0.485,-0.6,-4.9,-0.1,0.1,-3.2,-0.4,0.2,SF
546,Justin Wright-Foreman,22,UTA,45,0.911801471,0,11.6,5.9,2.1,0,23,24.1,0.121,0.437,-0.7,-7.8,-0.1,0.1,-3.7,-0.5,0.2,PG
547,Marques Bolden,21,CLE,3,0.176,0,74,35.6,16.2,0,0,0,0,0.338,9.3,2.3,0,0,-13.8,0,0.1,C
548,Jordan Bone,22,DET,53,0.616,0,8.3,4,0.8,0,21,18.1,0.091,0.3,-5,-12.5,-0.1,0,-8.3,-0.4,0.1,PG
549,Ignas Brazdeikis,21,NYK,53,0.638842975,3.8,6,4.8,0,1.6,10.6,21,0.076,0.351,-3.9,-13,-0.1,0.1,-7.5,-0.4,0.1,SF
550,Troy Daniels,28,DEN,76,0.910857143,0,9,4.5,2,0,5.4,17.7,0.097,0.464,0.1,-5.4,-0.1,0.2,-4,-0.7,0.1,SG
551,Henry Ellenson,23,BRK,15,0.319428571,15.7,27.8,22.1,0,0,8.7,19.5,0,0.143,-6.2,-10.5,0,0,-8.7,-0.2,0.1,PF
552,Kyle Guy,22,SAC,10,0.132,0,11.2,5.5,0,0,15.6,21.7,0,0.4,-2.8,-10,0,0,-5.1,0,0.1,SG
553,Dusty Hannahs,26,MEM,13,0.299497976,0,8.3,4.2,0,0,0,31.6,0,0.607,-3.9,-8.9,0,0,0.6,0,0.1,SG
554,Tariq Owens,24,PHO,15,0.278421769,14,7.2,10.6,3.2,0,0,16.7,0,0.34,-3.1,-9,0,0,-2.7,-0.1,0.1,PF
555,Max Strus,23,CHI,6,0.153348837,18.4,0,9.5,0,0,0,24.4,0,0.727,4.7,-3.8,0,0,6.6,0,0.1,SG
556,Caleb Swanigan,22,SAC,23,0.358459016,9.4,24.3,16.8,2,7.6,11.5,20.5,0.551,0.512,-1.1,-8.3,0,0,-8.6,-0.2,0.1,PF
557,Khyri Thomas,23,DET,61,0.416102345,1.6,0,0.9,2.2,0,6.7,15.6,0.138,0.453,-0.3,-7.8,-0.1,0.1,-5.6,-0.3,0.1,SG
558,Anthony Tolliver,34,SAC,82,0.998604027,2.6,12.2,7.4,2.3,1.1,4.5,11.6,0.183,0.252,-0.4,-7.6,-0.1,0.1,-11,-0.8,0.1,PF
559,Jarred Vanderbilt,20,DEN,41,0.749714286,8.3,13.9,11.1,3.7,2.3,6.6,14.8,0.5,0.714,3,-2.5,0,0.1,-5.2,-0.5,0.1,SF
560,Paul Watson,25,ATL,17,0.356,0,13,6.5,3.1,0,21.1,17.1,0,0,-7,-12.2,0,0,-17.2,-0.2,0.1,SG
561,Tyler Zeller,30,SAS,4,0.212,79.1,26,52.3,0,0,0,43.2,0,0.25,-24.2,-31.1,0,0,-3.8,0,0.1,C
562,Kyle Alexander,23,MIA,13,0.104,17.6,8.1,12.6,0,0,0,10.2,0.333,0.5,-4.3,-10.3,0,0,-2.4,-0.1,0,PF
563,Allen Crabbe,27,MIN,131,0.718224771,0.8,9.1,4.8,0,0,5.1,12.5,0.125,0.416,-1.4,-10.1,-0.3,0.1,-7.8,-0.8,0,SG
564,J.P. Macura,24,CLE,1,0,0,0,0,0,0,0,0,0,0.5,0,-7,0,0,-24.6,0,0,SG
565,Luc Mbah a Moute,33,HOU,25,0.381034014,4.4,4.3,4.3,3.9,0,0,11.4,0.145,0.425,0.3,-5.6,0,0.1,-5.6,-0.4,0,PF
566,Malik Newman,22,CLE,4,-0.012222222,0,0,0,0,0,0,41.5,0.258,0.347,-22.6,-29.6,0,0,-13,0,0,SG
567,Justin Patton,22,OKC,24,0.282,4.7,18.5,11.7,0,0,12.6,22,0.167,0.45,-3.4,-9.9,0,0,-4.5,-0.2,0,C
568,Josh Reaves,22,DAL,28,0.253554656,4.1,7.7,5.9,0,0,14.2,15.1,0,0.405,-1.8,-5.2,0,0.1,-2.2,-0.2,0,SG
569,Marial Shayok,24,PHI,28,0.411872093,3.8,23.4,13.5,0,3.2,4.8,25.8,0.179,0.4,-7.2,-14.3,-0.1,0.1,-7,-0.4,0,SG
570,Zhaire Smith,20,PHI,32,0.43631348,0,6.8,3.4,4.7,0,8.2,19.9,0.136,0.313,-3.4,-10.5,-0.1,0.1,-8.2,-0.5,0,SG
571,Jarrod Uthoff,26,MEM,14,0.168609137,7.9,0,3.9,3.5,0,0,23.4,0,0.254,-7.2,-12.2,0,0,-9,-0.2,0,SF
572,Jarred Vanderbilt,20,MIN,5,0.090553191,0,21.7,10.4,0,0,0,15.5,0,0.532,-3.9,-12.6,0,0,1.5,0,0,PF
573,Quinndary Weatherspoon,23,SAS,78,1.117073826,1.4,8,4.7,1.8,1,17.5,12.7,0.219,0.336,-1.8,-8.7,-0.1,0.1,-7.2,-1.1,0,SG
574,Jonah Bolden,24,PHI,14,0.010474227,0,7.8,3.8,3.6,0,0,18.1,0.34,0.515,-4.9,-12,0,0,-10.2,-0.3,-0.1,PF
575,Brian Bowen,21,IND,31,0.368,3.8,21.5,12.8,0,2.7,0,15.6,0.091,0.3,-10.2,-15.8,-0.1,0.1,-9.4,-0.6,-0.1,SG
576,Joe Chealey,24,CHO,33,0.390152284,0,0,0,5.9,0,3.9,13.2,0.202,0.127,-2.4,-11.2,-0.1,0,-16.3,-0.6,-0.1,PG
577,Antonius Cleveland,25,DAL,46,0.625382716,5,11.7,8.4,1.2,6.3,2.8,16.9,0.11,0.34,-2.4,-5.8,0,0.1,-7.2,-0.9,-0.1,SG
578,Jacob Evans,22,MIN,4,0,0,0,0,0,0,0,10.3,0,0,-8.2,-16.9,0,0,-24.3,-0.1,-0.1,SG
579,Dante Exum,24,UTA,83,1.11841206,3.9,11.3,7.7,0.6,2.1,11.9,17.8,0.295,0.503,-2,-9.1,-0.1,0.2,-6.1,-1.4,-0.1,SG
580,Jared Harper,22,PHO,8,0.02,0,0,0,0,0,0,21.3,0,0.25,-12.4,-18.3,0,0,-12.9,-0.2,-0.1,PG
581,Jalen Lecque,19,PHO,32,0.199823529,0,6.7,3.3,0,0,8.6,17.1,0.155,0.46,-4.7,-10.6,-0.1,0.1,-6.1,-0.4,-0.1,PG
582,Daryl Macon,24,MIA,14,0,0,0,0,0,0,9.7,15.7,0.4,0.5,-9.4,-15.4,0,0,-9,-0.3,-0.1,SG
583,Zach Norvell,22,LAL,5,0.048,0,21.7,10.5,0,0,0,8.4,0,0,-11.9,-18.1,0,0,-22.2,-0.2,-0.1,SG
584,Gabe Vincent,23,MIA,83,1.181621622,0,6.3,3.3,3,0,10.1,20.2,0.026,0.297,-2.9,-8.9,-0.1,0.2,-6.5,-1.3,-0.1,PG
585,Isaiah Roby,21,OKC,11,0.016,0,20.1,10.2,0,0,0,8,0.5,0,-10.6,-17.1,0,0,-21.7,-0.5,-0.2,SF
586,J.R. Smith,34,LAL,79,0.432622378,0,6.9,3.3,0.6,0,4.8,14.3,0.149,0.372,-3.9,-10.1,-0.2,0.1,-8.2,-0.9,-0.2,SG
587,Josh Gray,26,NOP,23,0.016,4.8,4.6,4.7,0,0,10.4,12.5,0.714,0.5,-6.5,-11.9,-0.1,0,-14.6,-0.6,-0.3,PG
588,William Howard,26,HOU,13,0.076,0,16.5,8.3,0,0,9.1,15.9,0.2,0,-10.8,-16.7,0,0,-20.2,-0.7,-0.3,PF
589,Stanton Kidd,27,UTA,15,0.004,0,20.8,10.6,0,0,8,14.6,0.4,0,-11.8,-18.9,-0.1,0,-20.1,-0.9,-0.4,SF
590,Michael Kidd-Gilchrist,26,DAL,121,1.445473684,4.7,24,14.7,0.9,2.4,4,8.5,0.372,0.395,-0.4,-3.8,-0.1,0.3,-7.8,-2.5,-0.5,SF
591,Michael Frazier,25,HOU,145,0.174675768,0.8,6.7,3.7,0.7,0,1.7,11.5,0.125,0.384,-2.1,-8,-0.2,0.4,-8.1,-3.1,-1.5,SG
